date,lat,lon,ndvi,ndwi,ndbi,nbr,no2,so2,co,o3,temperature,dewpoint,wind_speed,rainfall,lst,temp_diff,pollution_index,green_inverse,aqi,heat_score,flood_score,veg_score
2023-01-01,23.02,72.57,0.1909602241432119,-0.24751225231205481,0.02486737747917883,0.05966690633322805,0.00010033740387350353,,,,19.20678304771468,7.700716242119597,2.2057643280976995,0.0,23.435635687556996,11.506066805595083,0.00010033740387350353,0.8090397758567881,5.0168701936751764e-05,28.249004036436418,0.0,19.09602241432119
2023-01-01,17.38,78.48,0.1325465831817547,-0.12807858962967658,0.0051181987854841265,0.08337713994684634,6.418471079707216e-05,,,,23.861894503033852,15.092653328397944,0.8068078247724295,0.0,32.37939316421658,8.769241174635908,6.418471079707216e-05,0.8674534168182453,3.209235539853608e-05,41.72555276920489,0.0,13.25465831817547
2023-01-01,12.97,77.59,0.26669528917996277,-0.2716468658330385,-0.007724925480078486,0.1333396320145093,5.364130571289507e-05,,,,20.209880620924537,12.929403266766712,2.1964641849698427,0.0,28.013663082847938,7.280477354157824,5.364130571289507e-05,0.7333047108200372,2.6820652856447536e-05,32.38659419483048,0.0,26.669528917996278
2023-01-01,11.01,76.96,0.2642855733794647,-0.2631072746236477,-0.0356457875301678,0.16078914670067357,3.567965720222004e-05,,,,22.68130999106654,14.02313318875565,1.5081755772017136,0.0,32.240439601940956,8.65817680231089,3.567965720222004e-05,0.7357144266205353,1.783982860111002e-05,38.017180426574214,0.0,26.42855733794647
2023-01-01,9.93,76.26,0.017863457171829217,0.09899558578089415,-0.22218322614960592,0.3606045232398533,4.763415676245684e-05,,,,26.112645422243588,21.13958500132844,0.7415688251170881,0.0,29.686068526812125,4.9730604209151466,4.763415676245684e-05,0.9821365428281708,2.381707838122842e-05,48.255622983795426,0.0,1.7863457171829218
2023-01-03,13.08,80.27,0.17110520166140566,-0.1300187285559143,0.056004097732609226,0.054476734615990764,3.1808367377717905e-05,,,,24.314862739952844,20.59839793852649,2.5436368426643328,0.0,32.731193129838054,3.716464801426355,3.1808367377717905e-05,0.8288947983385944,1.5904183688858953e-05,41.68421939386384,0.0,17.110520166140567
2023-01-03,22.57,88.36,0.06309157037917505,-0.06734069571640793,-0.055785670921652944,0.16745571023138286,8.276360566106945e-05,,,,19.03102076024186,13.01200830907004,2.404416923315065,0.0,25.121284263792305,6.019012451171818,8.276360566106945e-05,0.936908429620825,4.138180283053473e-05,30.24370144826768,0.0,6.3091570379175055
2023-01-03,17.38,78.48,0.1325465831817547,-0.12807858962967658,0.0051181987854841265,0.08337713994684634,5.721784155361353e-05,,,,22.751973061804563,14.824701037906209,1.8841349534277874,0.0,32.37939316421658,7.927272023898354,5.721784155361353e-05,0.8674534168182453,2.8608920776806765e-05,37.77204020480438,0.0,13.25465831817547
2023-01-03,12.97,77.59,0.26669528917996277,-0.2716468658330385,-0.007724925480078486,0.1333396320145093,5.7120535774709085e-05,,,,19.890315249072273,14.018460218724613,2.557474145332858,0.0,28.013663082847938,5.87185503034766,5.7120535774709085e-05,0.7333047108200372,2.8560267887354543e-05,31.729754692305,0.0,26.669528917996278
2023-01-03,18.52,73.85,0.26879356851212927,-0.2672663137704939,-0.016660836075563595,0.16016349741858454,9.073207618830994e-05,,,,22.821523005564586,14.108269127963695,0.17615459680770923,0.0,27.519070651706418,8.713253877600891,9.073207618830994e-05,0.7312064314878708,4.536603809415497e-05,40.93410987871331,0.0,26.879356851212926
2023-01-03,26.91,75.78,0.27432160841957853,-0.3453613766886091,0.025440433036834197,0.051714362896898125,0.0001096900122378565,,,,11.965047983201544,6.489626977650516,1.8236257893074104,5.699367623580129,22.14071857727503,5.475421005551027,0.0001096900122378565,0.7256783915804215,5.484500611892825e-05,17.545133885012753,11.398735247160259,27.432160841957852
2023-01-03,30.73,76.77,0.024130800192591884,-0.009064455454885824,-0.06916428497866461,0.13518641039068766,0.0001465388736704506,,,,10.251092800785841,5.860109496272514,1.378645131305937,0.0,6.0905977403283655,4.390983304513327,0.0001465388736704506,0.9758691998074082,7.32694368352253e-05,15.549403686703144,0.0,2.4130800192591884
2023-01-03,11.01,76.96,0.2642855733794647,-0.2631072746236477,-0.0356457875301678,0.16078914670067357,3.498328674641419e-05,,,,22.065751008971404,14.341888867351088,1.9989046585405343,0.0,32.240439601940956,7.723862141620316,3.498328674641419e-05,0.7357144266205353,1.7491643373207095e-05,36.27176163005158,0.0,26.42855733794647
2023-01-03,9.93,76.26,0.026685505952251,0.09141702266212776,-0.24635399245983933,0.4087666557822682,4.950153007749398e-05,,,,25.75067410936549,20.29512580422795,0.7133423275812294,0.0,29.686068526812125,5.45554830513754,4.950153007749398e-05,0.973314494047749,2.475076503874699e-05,47.34688941099975,0.0,2.6685505952251
2023-01-05,13.08,80.27,0.17110520166140566,-0.1300187285559143,0.056004097732609226,0.054476734615990764,3.302962817128521e-05,,,,25.54915084653237,20.278325332864426,4.121433713440622,1.0376713880308117,32.731193129838054,5.270825513667944,3.302962817128521e-05,0.8288947983385944,1.6514814085642605e-05,40.22002150934952,2.0753427760616234,17.110520166140567
2023-01-05,23.02,72.57,0.14851469772175135,-0.17980348420941908,0.019994970645963363,0.05514179457201086,6.267775590344448e-05,,,,18.81870570541122,7.123451827532563,4.292823355550846,0.0,23.435635687556996,11.695253877878656,6.267775590344448e-05,0.8514853022782487,3.133887795172224e-05,23.204137760781418,0.0,14.851469772175136
2023-01-07,19.07,72.87,0.08880151109411757,-0.08514366143932654,-0.05841119222042696,0.14514333944927693,0.00016847763276810557,,,,25.983659903682963,19.438877948362574,1.8885353961772249,0.0,31.057140402411804,6.5447819553203885,0.00016847763276810557,0.9111984889058824,8.423881638405278e-05,44.91785803735128,0.0,8.880151109411758
2023-01-07,22.57,88.36,0.17112611444483003,-0.2072534758324413,0.0023994376727198273,0.07810420674485036,9.593846288077593e-05,,,,16.819155134978132,11.391333186773636,2.6778889202456626,0.0,25.121284263792305,5.427821948204496,9.593846288077593e-05,0.8288738855551699,4.796923144038797e-05,25.568621455362692,0.0,17.112611444483004
2023-01-07,23.02,72.57,0.14851469772175135,-0.17980348420941908,0.019994970645963363,0.05514179457201086,0.0001164150962559332,,,,22.450191930723122,13.606078979551,2.5751002983242173,0.0,25.121390779973343,8.844112951172121,0.0001164150962559332,0.8514853022782487,5.82075481279666e-05,35.32812678921175,0.0,14.851469772175136
2023-01-07,18.52,73.85,0.3521657302498795,-0.3812809029045893,-0.013819890862934954,0.16233866288220167,7.60239614579827e-05,,,,21.84860503817623,14.895606494856281,2.48587881399842,0.0,27.519070651706418,6.95299854331995,7.60239614579827e-05,0.6478342697501205,3.801198072899135e-05,35.24895317669565,0.0,35.21657302498795
2023-01-07,21.17,72.83,0.10559919974266829,-0.12344336868288878,-0.0021724919601679407,0.07720694240247954,8.637018452735435e-05,,,,24.581879120352994,17.018096314436264,2.8707076170814805,0.0,28.96707387213765,7.5637828059167305,8.637018452735435e-05,0.8944008002573317,4.3185092263677175e-05,39.640451603584665,0.0,10.55991997426683
2023-01-07,26.91,75.78,0.23574299781527086,-0.31266270138769603,0.05392676814104418,0.043531274871174565,8.474258622821316e-05,,,,10.924656299260164,3.9910017028066136,0.6933787511871413,0.0,22.14071857727503,6.93365459645355,8.474258622821316e-05,0.7642570021847291,4.237129311410658e-05,16.99572779791927,0.0,23.574299781527085
2023-01-09,22.57,88.36,0.17112611444483003,-0.2072534758324413,0.0023994376727198273,0.07810420674485036,0.00013684022361223428,,,,18.28549323376319,13.278912480672261,2.1939439695674823,0.0,25.121284263792305,5.00658075309093,0.00013684022361223428,0.8288738855551699,6.842011180611714e-05,29.679808151845954,0.0,17.112611444483004
2023-01-11,19.07,72.87,0.2434000251973965,-0.3008162664578543,0.010187026255293349,0.09297910405151248,0.0002608672025038213,,,,23.18896821055256,16.44609227156758,2.497701359709583,0.0,31.057140402411804,6.74287593898498,0.0002608672025038213,0.7565999748026035,0.00013043360125191065,38.01109573219346,0.0,24.340002519739652
2023-01-11,23.02,72.57,0.13241528123592944,-0.16461442038000845,0.031463148316980175,0.0544569797661515,7.542590827943967e-05,,,,21.630222599860133,11.024741108477258,1.6901338243684865,0.0,25.121390779973343,10.605481491382875,7.542590827943967e-05,0.8675847187640706,3.771295413971984e-05,34.57743680529185,0.0,13.241528123592945
2023-01-11,17.38,78.48,0.19495880406421942,-0.22776036930271057,0.021215288676456636,0.05336801916200058,0.0001241962785279259,,,,20.770689244276127,8.645694697013255,0.6371744340864473,0.0,31.042458658272455,12.124994547262872,0.0001241962785279259,0.8050411959357806,6.209813926396295e-05,34.204532346747925,0.0,19.495880406421943
2023-01-11,21.17,72.83,0.14973928313818624,-0.19422888461079818,0.017700037161926106,0.06252443033232608,0.00010421494826803417,,,,22.015786383287036,13.20237225946397,1.848018061407998,0.0,28.96707387213765,8.813414123823065,0.00010421494826803417,0.8502607168618137,5.210747413401708e-05,35.92882958184654,0.0,14.973928313818623
2023-01-11,9.93,76.26,0.005953414721674207,0.11028997287510292,-0.1959637961300985,0.3123111521648752,4.458333504715729e-05,,,,25.46222757077686,20.814187135883458,1.096240301510241,0.0,29.699543063079336,4.648040434893403,4.458333504715729e-05,0.9940465852783258,2.2291667523578646e-05,46.407954321086535,0.0,0.5953414721674207
2023-01-13,28.61,77.2,0.27864510095400974,-0.28631088797417703,-0.07303514687168798,0.20897129139541407,0.00012855497298297158,,,,14.593695836632094,12.333217364290874,0.5271935539395028,0.0,17.223292732433322,2.2604784723412195,0.00012855497298297158,0.7213548990459903,6.427748649148579e-05,27.002765329214572,0.0,27.864510095400973
2023-01-13,13.08,80.27,0.16910627096676004,-0.10955585836963039,-0.06068453119151633,0.14766102926122998,8.856300899145335e-05,,,,23.258229489106043,18.521542833611363,1.1543146423801935,0.0,34.15560434790779,4.73668665549468,8.856300899145335e-05,0.83089372903324,4.428150449572667e-05,41.83948636570436,0.0,16.910627096676002
2023-01-13,17.38,78.48,0.19495880406421942,-0.22776036930271057,0.021215288676456636,0.05336801916200058,8.956360404566004e-05,,,,22.0356932496623,11.36981159429024,1.4328105880325848,0.0,31.042458658272455,10.665881655372061,8.956360404566004e-05,0.8050411959357806,4.478180202283002e-05,35.872824495573404,0.0,19.495880406421943
2023-01-15,19.07,72.87,0.19911590996818287,-0.22748170419705746,-0.03000914100061119,0.09806022267115351,0.00028503123618660325,,,,21.435255134165004,14.406761755872196,2.965176482727952,0.0,31.057140402411804,7.028493378292808,0.00028503123618660325,0.8008840900318172,0.00014251561809330163,33.4259106137277,0.0,19.911590996818287
2023-01-15,13.08,80.27,0.16910627096676004,-0.10955585836963039,-0.06068453119151633,0.14766102926122998,7.567156128292089e-05,,,,22.04977779806103,17.427797581099583,0.927137447178074,0.0,34.15560434790779,4.621980216961447,7.567156128292089e-05,0.83089372903324,3.783578064146044e-05,39.93429059328519,0.0,16.910627096676002
2023-01-15,23.02,72.57,0.19877115090879863,-0.247961714987758,0.007191326673493586,0.054915694435542,9.220937830764447e-05,,,,17.108640444393586,4.055197242780935,2.3352198296847373,0.0,25.60106894282973,13.053443201612652,9.220937830764447e-05,0.8012288490912014,4.6104689153822236e-05,23.020119628611372,0.0,19.87711509087986
2023-01-15,21.17,72.83,0.18645074747267537,-0.2528028571670875,0.015614235489370767,0.04574994024455812,0.00011353831671497069,,,,20.422686405301874,9.062524354083052,4.154934712517013,0.0,28.96707387213765,11.360162051218822,0.00011353831671497069,0.8135492525273247,5.6769158357485346e-05,26.85542235996031,0.0,18.645074747267536
2023-01-15,9.93,76.26,0.023468623386763532,0.05088001045508677,-0.13731100250790357,0.26026074304098373,3.924622101573229e-05,,,,26.00161944370643,21.237911890067323,0.6139515342190138,0.0,29.699543063079336,4.763707553639108,3.924622101573229e-05,0.9765313766132364,1.9623110507866145e-05,48.393482042155284,0.0,2.3468623386763534
2023-01-17,28.61,77.2,0.34084340467987123,-0.3679968082429606,-0.023556478512199608,0.1572177247687929,0.0005252933948497195,,,,9.610533163703735,2.008295869301037,2.513756275676503,6.580765807523137,17.223292732433322,7.602237294402698,0.0005252933948497195,0.6591565953201288,0.00026264669742485973,10.392435128853116,13.161531615046274,34.084340467987126
2023-01-17,22.57,88.36,0.03773474660044323,-0.07083575033375443,-0.01442582431302919,0.15006867150546338,7.448226438675054e-05,,,,19.225291400485617,13.860184841391515,1.692025629586133,0.0,29.24389429461846,5.365106559094102,7.448226438675054e-05,0.9622652533995568,3.724113219337527e-05,32.383978262251915,0.0,3.773474660044323
2023-01-17,26.85,80.95,0.26461253579892985,-0.27225156303570935,-0.039136996255686354,0.15856883086422915,6.017443615848933e-05,,,,11.492952384435625,6.173364585682634,2.221415821222559,0.0,19.178353585058208,5.319587798752991,6.017443615848933e-05,0.7353874642010702,3.0087218079244664e-05,15.883279227049638,0.0,26.461253579892986
2023-01-17,23.02,72.57,0.19877115090879863,-0.247961714987758,0.007191326673493586,0.054915694435542,8.674257104742571e-05,,,,17.840200688797665,4.704780038381614,2.7143823170738313,0.0,26.08074710568567,13.135420650416052,8.674257104742571e-05,0.8012288490912014,4.3371285523712856e-05,23.683926418239643,0.0,19.87711509087986
2023-01-17,17.38,78.48,0.20260693040237648,-0.23768011192473742,0.019916799091037902,0.037507450572860875,8.182575449870369e-05,,,,21.901621229353168,8.465496108678337,2.5641132806294937,0.0,31.042458658272455,13.43612512067483,8.182575449870369e-05,0.7973930695976235,4.0912877249351846e-05,31.956953337109933,0.0,20.260693040237648
2023-01-17,12.97,77.59,0.3159512301229614,-0.34050860538377076,-0.006203709437334394,0.10115505104877517,8.457472251520853e-05,,,,19.281121123464516,8.753410132200827,1.9965154505323839,0.0,29.608549683474095,10.527710991263689,8.457472251520853e-05,0.6840487698770386,4.2287361257604265e-05,29.30535585023242,0.0,31.59512301229614
2023-01-17,18.52,73.85,0.2929764866812736,-0.3243580341196026,0.010279084844296618,0.13294942661745654,8.936099888117954e-05,,,,22.017736693829136,8.972317418330874,1.0343317481008723,0.0,31.322492136347588,13.045419275498261,8.936099888117954e-05,0.7070235133187264,4.468049944058977e-05,35.4441002537074,0.0,29.29764866812736
2023-01-17,26.91,75.78,0.21729509658158394,-0.28785255301052326,0.05711141808113003,0.03007013291533748,8.840887268987995e-05,,,,10.436815690341177,-1.876683644217735,1.5333608404573211,0.0,20.38612566868635,12.313499334558912,8.840887268987995e-05,0.782704903418416,4.4204436344939977e-05,11.650160032488255,0.0,21.729509658158396
2023-01-17,11.01,76.96,0.29017957622027346,-0.3025176036165109,-0.01333491421427332,0.1265056498266749,3.667726918150222e-05,,,,22.13946004321224,11.45286323828509,1.7576114495665687,0.0,27.6390159337673,10.686596804927149,3.667726918150222e-05,0.7098204237797265,1.833863459075111e-05,35.42039878482777,0.0,29.017957622027346
2023-01-17,9.93,76.26,0.02818285913002759,0.07870856300119092,-0.2388592780291638,0.380599759313257,4.878212682918186e-05,,,,26.164571941600173,21.55913984261315,1.099992485150177,0.0,29.699543063079336,4.605432098987023,4.878212682918186e-05,0.9718171408699724,2.439106341459093e-05,47.82644286340648,0.0,2.818285913002759
2023-01-19,13.08,80.27,0.0169740203449227,0.007512182394250995,-0.12594706057839666,0.23896156034607488,4.857721902835713e-05,,,,24.237800996321027,17.68835813424886,2.348473731858092,0.0,34.15560434790779,6.549442862072169,4.857721902835713e-05,0.9830259796550773,2.4288609514178565e-05,40.503933097889785,0.0,1.69740203449227
2023-01-19,22.57,88.36,0.03773474660044323,-0.07083575033375443,-0.01442582431302919,0.15006867150546338,9.372922041693366e-05,,,,18.541847035914316,13.042925818172478,2.0211459971152976,0.0,29.24389429461846,5.498921217741838,9.372922041693366e-05,0.9622652533995568,4.686461020846683e-05,30.291941468727117,0.0,3.773474660044323
2023-01-19,18.52,73.85,0.2929764866812736,-0.3243580341196026,0.010279084844296618,0.13294942661745654,9.242720463320003e-05,,,,23.101764827177192,10.807913710528169,0.4887836334204309,0.0,31.322492136347588,12.293851116649023,9.242720463320003e-05,0.7070235133187264,4.621360231660002e-05,39.07903682918901,0.0,29.29764866812736
2023-01-19,26.91,75.78,0.21729509658158394,-0.28785255301052326,0.05711141808113003,0.03007013291533748,5.476583953104669e-05,,,,13.00672703747341,2.5576350405154926,2.1954082278247675,0.12504315990349749,20.38612566868635,10.449091996957918,5.476583953104669e-05,0.782704903418416,2.7382919765523347e-05,16.398091620818327,0.25008631980699497,21.729509658158396
2023-01-21,23.02,72.57,0.18247988477754348,-0.23327175674886377,0.015855979434082384,0.06712427397828666,0.00012355608107963382,,,,18.92540622409831,5.561099578328253,2.2941922856819454,0.0,26.08074710568567,13.364306645770057,0.00012355608107963382,0.8175201152224565,6.177804053981691e-05,26.580274553947703,0.0,18.247988477754348
2023-01-21,25.61,85.14,-0.026297719633796568,0.06584153846906443,-0.16845232118841413,0.22856802166275159,7.280467367532682e-05,,,,17.42821073800036,12.861069608440744,1.240578354695647,0.0,15.795585642418246,4.567141129559616,7.280467367532682e-05,1.0262977196337966,3.640233683766341e-05,30.09169420182962,0.0,-2.629771963379657
2023-01-23,22.57,88.36,0.06369728215025917,-0.09715377798696812,-0.034193898699089474,0.1594620332990986,0.00012871861458563306,,,,22.435071116317943,17.021182067305972,0.548221276531316,0.0,29.24389429461846,5.413889049011971,0.00012871861458563306,0.9363027178497408,6.435930729281653e-05,41.06675515506727,0.0,6.369728215025917
2023-01-23,18.52,73.85,0.29366116794767766,-0.3295495725861412,0.018347335083958468,0.1114002276023205,8.270348466965685e-05,,,,21.32223211565514,11.519780270964645,0.953089035420851,0.0,31.322492136347588,9.802451844690495,8.270348466965685e-05,0.7063388320523223,4.1351742334828425e-05,35.83706023812333,0.0,29.366116794767766
2023-01-23,25.61,85.14,0.12468352861151005,-0.12145670766819312,-0.030732905647785982,0.12186626566253694,6.41702016559269e-05,,,,19.033549553676437,14.550493955213938,0.6851481816608606,0.0,15.795585642418246,4.483055598462499,6.41702016559269e-05,0.87531647138849,3.208510082796345e-05,34.4552749447999,0.0,12.468352861151006
2023-01-25,19.07,72.87,0.184184253569898,-0.23651014406863322,0.01461386458790127,0.07228624946271191,0.00015391962068513578,,,,21.7705273965106,11.806207095094067,5.237000380911705,0.0,34.644750464888205,9.964320301416535,0.00015391962068513578,0.815815746430102,7.695981034256789e-05,28.084893880489524,0.0,18.4184253569898
2023-01-25,23.02,72.57,0.18645671539546663,-0.24352953624884432,0.022642419131139662,0.04496244068538607,9.882676535852929e-05,,,,17.63331890436956,4.1075591739661945,3.088179526431759,0.0,28.178222620291443,13.525759730403365,9.882676535852929e-05,0.8135432846045334,4.941338267926464e-05,22.32739889067392,0.0,18.64567153954666
2023-01-25,21.17,72.83,0.1798997781133959,-0.26225956547325296,0.03888910700734164,0.031096969210891265,8.305606574677007e-05,,,,19.596905980620022,8.92994764555931,4.5665862748465065,0.0,29.736964104282023,10.666958335060713,8.305606574677007e-05,0.8201002218866041,4.152803287338504e-05,24.727160244016673,0.0,17.98997781133959
2023-01-25,25.61,85.14,0.07688841822615651,-0.06879355292454216,-0.008899727129168781,0.07852587407589594,6.001732144895924e-05,,,,19.681033286671834,15.634953160094085,0.6140372388768766,0.0,15.795585642418246,4.046080126577749,6.001732144895924e-05,0.9231115817738434,3.000866072447962e-05,36.11095203230104,0.0,7.688841822615651
2023-01-27,19.07,72.87,0.184184253569898,-0.23651014406863322,0.01461386458790127,0.07228624946271191,0.00018656890391771053,,,,25.140241089626386,18.639541083188874,1.3593773299512621,0.0,34.644750464888205,6.500700006437512,0.00018656890391771053,0.815815746430102,9.328445195885527e-05,44.31137751613149,0.0,18.4184253569898
2023-01-27,26.85,80.95,0.320902568542972,-0.3285514916715468,-0.034077818929027635,0.15067336046031624,5.9901108723998176e-05,,,,15.610084719579504,10.951842569485223,3.4948438376712327,0.0,24.57933919624276,4.658242150094281,5.9901108723998176e-05,0.679097431457028,2.9950554361999088e-05,21.9013606887694,0.0,32.0902568542972
2023-01-27,23.02,72.57,0.18645671539546663,-0.24352953624884432,0.022642419131139662,0.04496244068538607,8.579941415180672e-05,,,,20.59958379521305,10.875591139894482,3.741120418097823,0.0,28.178222620291443,9.723992655318568,8.579941415180672e-05,0.8135432846045334,4.289970707590336e-05,28.85493042657117,0.0,18.64567153954666
2023-01-27,17.38,78.48,0.1931713768314051,-0.2304872962516642,0.03824038861241394,0.020565526010925334,7.079212474592681e-05,,,,22.191901698841264,10.888561311822116,1.8666207237279557,0.0,33.547255239455154,11.303340387019148,7.079212474592681e-05,0.8068286231685949,3.539606237296341e-05,34.99889175671704,0.0,19.31713768314051
2023-01-27,12.97,77.59,0.290970396272729,-0.32353356933468586,0.016200677571759692,0.06873815995920972,7.118622470010155e-05,,,,19.74567314873235,10.986836890442817,2.30102313711165,0.0,33.56304079711988,8.758836258289534,7.118622470010155e-05,0.709029603727271,3.5593112350050774e-05,30.509881894096637,0.0,29.097039627272903
2023-01-27,21.17,72.83,0.1798997781133959,-0.26225956547325296,0.03888910700734164,0.031096969210891265,8.026300493140407e-05,,,,24.241460082815934,16.612346735540484,4.16546059172122,0.0,29.736964104282023,7.6291133472754495,8.026300493140407e-05,0.8201002218866041,4.0131502465702034e-05,36.3374423085517,0.0,17.98997781133959
2023-01-27,25.61,85.14,0.05856018621586101,-0.04800278885178731,-0.001676897255677114,0.06745847140175182,5.2823330402969706e-05,,,,19.827751228604882,14.327571842248744,3.779205990506664,0.0,15.795585642418246,5.5001793863561375,5.2823330402969706e-05,0.941439813784139,2.6411665201484853e-05,29.347000783018366,0.0,5.8560186215861005
2023-01-27,11.01,76.96,0.2906630309277413,-0.31304336748597167,0.005481709543915747,0.10125052580157777,3.547651196190063e-05,,,,22.813119129839038,11.672431586695268,1.7091343403070602,0.0,5.755776236618203,11.14068754314377,3.547651196190063e-05,0.7093369690722586,1.7738255980950316e-05,36.63762580749207,0.0,29.06630309277413
2023-01-27,9.93,76.26,0.038226789069877906,0.05979311544287316,-0.24492250795314943,0.38158284303546414,3.8945223083195085e-05,,,,26.177523549397847,22.527406685025028,1.048554788897305,0.0,12.632610322501645,3.6501168643728192,3.8945223083195085e-05,0.9617732109301221,1.9472611541597543e-05,48.43287908881467,0.0,3.8226789069877904
2023-01-29,13.08,80.27,0.05116880677137563,0.008797761385056065,-0.08796248475155036,0.1877257412824015,1.6876668049202507e-05,,,,25.594367947543617,20.075402906283273,3.323527691779286,0.0,33.234211010116475,5.518965041260344,1.6876668049202507e-05,0.9488311932286244,8.438334024601254e-06,41.78219799089849,0.0,5.116880677137563
2023-01-29,25.61,85.14,0.20496563184888805,-0.2276516462635659,-0.016478764216309793,0.10316565400225394,6.891929336154925e-05,,,,17.780474480445832,13.162701897994168,0.16547293708253982,0.0,15.795585642418246,4.617772582451664,6.891929336154925e-05,0.795034368151112,3.445964668077463e-05,32.92111679550075,0.0,20.496563184888807
2023-01-31,19.07,72.87,0.15051835482498274,-0.17258306094879386,0.01220432628016206,0.0904032321368608,0.0001421530122194247,,,,25.708302699985893,17.577500583402013,4.111850003012286,0.0,34.644750464888205,8.13080211658388,0.0001421530122194247,0.8494816451750172,7.107650610971235e-05,39.127504335655274,0.0,15.051835482498275
2023-01-31,26.85,80.95,0.29899502552115514,-0.3074507226699287,-0.018771518490700884,0.1500464627701528,5.0746715278264093e-05,,,,17.383463604959843,12.767295073892683,4.028586468936647,0.0,24.57933919624276,4.61616853106716,5.0746715278264093e-05,0.7010049744788449,2.5373357639132047e-05,24.401670006512813,0.0,29.899502552115514
2023-01-31,23.02,72.57,0.19590310895834281,-0.23928803344755034,0.006362055400096415,0.07703524258705526,9.593078187185885e-05,,,,20.33997456765593,10.790360328365637,3.4030193845002725,0.0,29.93764383834025,9.549614239290293,9.593078187185885e-05,0.8040968910416572,4.796539093592943e-05,29.099103246666168,0.0,19.590310895834282
2023-01-31,17.38,78.48,0.1904968384930372,-0.2316971042180567,0.04007511861859085,0.032959146608198486,7.670099773669961e-05,,,,23.417519697089176,13.420196645976205,1.6172206046911086,0.0,33.547255239455154,9.997323051112971,7.670099773669961e-05,0.8095031615069628,3.8350498868349805e-05,38.60193665923965,0.0,19.04968384930372
2023-01-31,21.17,72.83,0.1423039685954798,-0.18305085677486974,0.007327344253433257,0.07034358667661275,6.930631595149942e-05,,,,23.389265002844525,14.406269603705312,4.7312601242505155,0.0,29.736964104282023,8.982995399139213,6.930631595149942e-05,0.8576960314045202,3.465315797574971e-05,32.82451205761841,0.0,14.23039685954798
2023-08-01,13.08,80.27,0.21310548494363982,-0.21223249189870969,0.006643457378248996,0.07901009190761493,4.2933021953390546e-05,,,,31.342174742575708,21.097358874392967,3.675944619203115,0.0958256539265821,-75.18117867723065,10.24481586818274,4.2933021953390546e-05,0.7868945150563602,2.1466510976695273e-05,50.210052312653815,0.1916513078531642,21.31054849436398
2023-08-01,30.73,76.77,0.24457742949345523,-0.1959110777948745,-0.09223104344312522,0.2416371029225921,5.092363618290313e-05,,,,28.749226603511488,25.33918597873094,2.0823972177762693,0.0,-123.14852013999999,3.4100406247805495,5.092363618290313e-05,0.7554225705065447,2.5461818091451566e-05,51.628638459080165,0.0,24.457742949345523
2023-08-07,9.93,76.26,0.13457030108025106,-0.07071323122848666,-0.014862452342920178,0.11394903002838135,6.8109467155688635e-06,,,,26.626767693313923,24.03438290614713,4.228916996937666,7.8675702088839055,29.5143385616105,2.592384787166793,6.8109467155688635e-06,0.865429698919749,3.4054733577844318e-06,43.499508999169116,15.735140417767811,13.457030108025107
2023-08-09,19.07,72.87,0.0437910097437961,0.003877869687764232,-0.19521414842410417,0.28606370543045445,2.4457056801268848e-05,,,,26.918840748042044,24.545421294786422,4.733381083587762,2.1273202041139383,30.920197330204907,2.3734194532556216,2.4457056801268848e-05,0.9562089902562039,1.2228528400634424e-05,43.18420960228075,4.254640408227877,4.37910097437961
2023-08-09,26.85,80.95,-0.06111892716522631,0.12374617756997623,-0.09436421692166115,0.11178273662982777,2.6949756720751e-05,,,,28.294582746702417,24.659654056224042,3.138223642359904,16.169181212648613,30.940005687371055,3.6349286904783753,2.6949756720751e-05,1.0611189271652264,1.34748783603755e-05,48.49525386344584,32.33836242529723,-6.111892716522631
2023-08-09,9.93,76.26,0.13457030108025106,-0.07071323122848666,-0.014862452342920178,0.11394903002838135,1.1027155307831489e-05,,,,26.760657396503575,24.29312910940132,3.820851738323808,7.8675702088839055,29.5143385616105,2.4675282871022546,1.1027155307831489e-05,0.865429698919749,5.5135776539157444e-06,44.64584717280841,15.735140417767811,13.457030108025107
2023-08-11,28.61,77.2,0.5243969615038094,-0.49980078201651695,-0.14592604893082206,0.3071177977899542,7.352173539005517e-05,,,,29.935185454469035,23.376805307866903,2.914323323156453,0.0,31.725594902525916,6.558380146602133,7.352173539005517e-05,0.47560303849619057,3.6760867695027585e-05,50.7625341893241,0.0,52.43969615038095
2023-08-11,26.85,80.95,-0.06111892716522631,0.12374617756997623,-0.09436421692166115,0.11178273662982777,2.6381847287967113e-05,,,,29.473640730420243,24.744967562414615,2.8803621902056626,0.0,30.940005687371055,4.728673168005628,2.6381847287967113e-05,1.0611189271652264,1.3190923643983557e-05,50.82222049642635,0.0,-6.111892716522631
2023-08-11,26.91,75.78,0.009617922263516243,0.013773203553172134,-0.05696805616138033,0.13849320644043794,2.882560138882952e-05,,,,27.50064479299516,21.333816103303832,3.6929498723290823,0.0,-87.54471968116106,6.166828689691329,2.882560138882952e-05,0.9903820777364838,1.441280069441476e-05,44.531975496486496,0.0,0.9617922263516243
2023-08-13,9.93,76.26,0.11901472610112465,-0.08178384160856994,-0.07300497700333851,0.1795852051964512,1.1139261508185245e-05,,,,26.42553635391539,24.362835670919992,3.3894226342376483,0.0,29.5143385616105,2.0627006829953984,1.1139261508185245e-05,0.8809852738988754,5.569630754092623e-06,45.04087709785779,0.0,11.901472610112465
2023-08-15,28.61,77.2,0.5110851130037294,-0.4964574880690947,-0.13961172701242755,0.32141882357704976,6.933774858984108e-05,,,,29.200360332823152,24.545103612342643,0.8674543719357336,0.0,35.786432330478085,4.655256720480509,6.933774858984108e-05,0.4889148869962706,3.466887429492054e-05,54.338183561534585,0.0,51.10851130037294
2023-08-15,26.85,80.95,0.07687569240055762,-0.02912698034222924,-0.11671284198224369,0.20388016941168766,2.8991933826165494e-05,,,,29.494240822670918,25.405192824792834,1.541354781614238,0.0,30.940005687371055,4.089047997878083,2.8991933826165494e-05,0.9231243075994424,1.4495966913082747e-05,53.86124808317432,0.0,7.687569240055763
2023-08-15,12.97,77.59,0.2586652516844764,-0.2654367231070409,-0.014031863277346457,0.1096123117773549,3.431426630630627e-05,,,,23.671190047682387,16.666814973567455,2.5340954444408745,0.0,34.95690078868568,7.004375074114932,3.431426630630627e-05,0.7413347483155236,1.7157133153153134e-05,38.772001669425556,0.0,25.86652516844764
2023-08-15,26.91,75.78,0.2677209695867133,-0.29675568854206763,0.0116488768713499,0.10050708150959557,4.0061453476760566e-05,,,,27.684477327367233,22.394004123867774,2.4020060645967414,0.0,-87.54471968116106,5.2904732034994595,4.0061453476760566e-05,0.7322790304132867,2.0030726738380283e-05,47.919705923791255,0.0,26.772096958671334
2023-08-15,30.73,76.77,0.3807343417407181,-0.35105621762398004,-0.09137539047659045,0.26939083508651807,4.250540164306164e-05,,,,27.230554810069066,23.651647092089263,0.37605538478801553,0.0,30.729680271451656,3.578907717979803,4.250540164306164e-05,0.6192656582592819,2.125270082153082e-05,51.9195449915722,0.0,38.07343417407181
2023-08-15,11.01,76.96,0.2835417023334661,-0.3240350032636116,0.026086510809114234,0.06390438715573495,1.7653213722746012e-05,,,,25.007227012979286,19.0718001539783,3.0472141123153906,0.0,43.193469076550144,5.935426859000984,1.7653213722746012e-05,0.7164582976665339,8.826606861373006e-06,40.9523123718273,0.0,28.354170233346608
2023-08-15,9.93,76.26,0.054340063879112714,0.05155283525780797,-0.10380740213120626,0.2251175042488,1.0203416296496582e-05,,,,26.076281072579206,23.448296745150742,1.6086892246592477,6.865561422125086,29.5143385616105,2.6279843274284644,1.0203416296496582e-05,0.9456599361208873,5.101708148248291e-06,47.621191532125685,13.731122844250171,5.434006387911271
2023-08-17,28.61,77.2,0.5110851130037294,-0.4964574880690947,-0.13961172701242755,0.32141882357704976,9.075238419454483e-05,,,,30.672169202140765,22.99613122357613,2.7938063550101884,5.322882067840711,35.786432330478085,7.676037978564636,9.075238419454483e-05,0.4889148869962706,4.5376192097272416e-05,51.91870670497883,10.645764135681421,51.10851130037294
2023-08-17,26.91,75.78,0.2677209695867133,-0.29675568854206763,0.0116488768713499,0.10050708150959557,4.34393673305225e-05,,,,28.584352791146046,21.56010848267448,3.365343901829786,0.0,-87.54471968116106,7.024244308471566,4.34393673305225e-05,0.7322790304132867,2.171968366526125e-05,46.92589562439674,0.0,26.772096958671334
2023-08-17,30.73,76.77,0.3807343417407181,-0.35105621762398004,-0.09137539047659045,0.26939083508651807,5.5300181939312644e-05,,,,27.976638416631147,24.597732156935024,1.6738513556298984,0.0,30.729680271451656,3.378906259696123,5.5300181939312644e-05,0.6192656582592819,2.7650090969656322e-05,50.91612099215443,0.0,38.07343417407181
2023-08-19,25.61,85.14,0.1553943136205558,-0.14707132035294496,-0.061243152849198686,0.1583853051358172,3.5069991998107924e-05,,,,30.168038046857873,25.374527094268274,4.294106516582015,0.18288148792310693,-82.00354565395962,4.7935109525896,3.5069991998107924e-05,0.8446056863794442,1.7534995999053962e-05,49.351107584256916,0.36576297584621387,15.53943136205558
2023-08-23,19.07,72.87,0.18641643011523132,-0.17568907771425715,-0.06273683656918373,0.14491034158735375,2.1597156616321413e-05,,,,27.209751354995774,24.162104609475307,4.424994636957599,0.0,2.3909391169758885,3.047646745520467,2.1597156616321413e-05,0.8135835698847687,1.0798578308160707e-05,44.045690063316115,0.0,18.641643011523133
2023-08-25,28.61,77.2,0.4923489035897539,-0.4857392195897679,-0.1434522245423167,0.32530603867521674,6.276744205908189e-05,,,,29.599565931521,21.461199835804678,3.384746942137402,0.0,37.0014504964881,8.138366095716322,6.276744205908189e-05,0.5076510964102461,3.1383721029540945e-05,48.360454930909036,0.0,49.23489035897539
2023-08-25,19.07,72.87,0.18641643011523132,-0.17568907771425715,-0.06273683656918373,0.14491034158735375,2.262833758733089e-05,,,,26.299714214647622,24.675248518986564,5.049560071665209,2.8113437794893077,2.3909391169758885,1.6244656956610584,2.262833758733089e-05,0.8135835698847687,1.1314168793665445e-05,41.6880754381343,5.622687558978615,18.641643011523133
2023-08-25,26.85,80.95,0.2957367008614212,-0.2725836545106356,-0.07933172817118533,0.22680212712073294,3.873705476880691e-05,,,,28.56805560250274,23.695763530075453,3.327887896939854,2.825152986221485,32.03932120376927,4.872292072427285,3.873705476880691e-05,0.7042632991385789,1.9368527384403457e-05,48.04418937491213,5.65030597244297,29.57367008614212
2023-08-25,11.01,76.96,0.24475426177512988,-0.2795407397411566,0.002794405233169673,0.08255342945542944,1.9296458050554317e-05,,,,25.749157605578603,19.485043334321972,3.017740872739843,0.0,35.634561048944356,6.264114271256631,1.9296458050554317e-05,0.7552457382248701,9.648229025277158e-06,42.330776330049204,0.0,24.475426177512986
2023-08-25,9.93,76.26,0.030406772368585792,0.041807434547968016,-0.06674515965913631,0.13702632641031987,1.2922281289444119e-05,,,,26.787739016962973,24.062319056193076,1.5940480824460925,0.0,36.34952840814877,2.725419960769898,1.2922281289444119e-05,0.9695932276314142,6.4611406447220595e-06,49.02467188864881,0.0,3.040677236858579
2023-08-27,28.61,77.2,0.4923489035897539,-0.4857392195897679,-0.1434522245423167,0.32530603867521674,7.258792500821017e-05,,,,30.18062074112487,20.563938762897806,3.777228243159225,0.0,37.186785787879685,9.616681978227064,7.258792500821017e-05,0.5076510964102461,3.6293962504105083e-05,47.998444006817756,0.0,49.23489035897539
2023-08-27,26.91,75.78,0.14118413959218717,-0.15885409770105777,0.0027587651319313333,0.12124119562554025,4.112960372456639e-05,,,,27.810940397311924,19.438174834461904,4.205994568373131,0.0,45.05065090098795,8.37276556285002,4.112960372456639e-05,0.8588158604078129,2.0564801862283196e-05,43.023508876452574,0.0,14.118413959218717
2023-08-29,26.85,80.95,0.16480371758914802,-0.12632899209902085,-0.07951246458256894,0.22224224605512694,3.704851830739946e-05,,,,29.262603118850905,24.227472163315895,2.6433460053492186,0.0,32.03932120376927,5.03513095553501,3.704851830739946e-05,0.835196282410852,1.852425915369973e-05,50.720948749235866,0.0,16.480371758914803
2023-08-29,23.02,72.57,0.11389174008968063,-0.1144349321237013,-0.014142665899226416,0.12671750575525892,3.674843889620958e-05,,,,28.353838843784786,22.150512998136264,2.255795628771661,0.0,31.94772485941568,6.203325845648521,3.674843889620958e-05,0.8861082599103194,1.837421944810479e-05,49.09442350720199,0.0,11.389174008968062
2023-08-29,17.38,78.48,0.07893875273987634,-0.06636884106965937,-0.04405801980287833,0.13022448536295747,4.500938173553698e-05,,,,26.03181704365494,20.625463316940852,2.684869363390258,0.0,32.8181756148322,5.406353726714087,4.500938173553698e-05,0.9210612472601236,2.250469086776849e-05,43.99071849717232,0.0,7.893875273987634
2023-08-29,11.01,76.96,0.1907394101700829,-0.22666528970928798,0.0379520695116981,0.04700259451418576,3.1532625046283376e-05,,,,25.174965983379593,21.103867617404205,2.5164610657484805,4.541911614043833,35.634561048944356,4.071098365975388,3.1532625046283376e-05,0.8092605898299171,1.5766312523141688e-05,43.28146065227453,9.083823228087667,19.073941017008288
2023-08-29,9.93,76.26,0.0341397541143149,0.05651279531431495,-0.03128756930199994,0.15222512327062318,1.737116345439023e-05,,,,26.182826053395047,24.383048592361774,2.6607531191167095,28.921848839598812,36.34952840814877,1.7997774610332726,1.737116345439023e-05,0.9658602458856851,8.685581727195116e-06,46.14425713804004,57.843697679197625,3.41397541143149
2023-08-31,28.61,77.2,0.5047381483059357,-0.4955277896354854,-0.12805210337390938,0.29853945111215674,8.286673495019605e-05,,,,30.44769144121392,22.569793079704652,1.3871726344552555,0.0,37.372121079271054,7.877898361509267,8.286673495019605e-05,0.49526185169406434,4.143336747509803e-05,54.1820884327627,0.0,50.47381483059357
2023-08-31,13.08,80.27,0.23671546285434078,-0.2343300299744485,0.03545056584775619,0.04620213786520432,6.441455430554527e-05,,,,29.77141891627997,24.853214861644744,1.7702891339728424,0.0,43.35857746313685,4.9182040546352255,6.441455430554527e-05,0.7632845371456592,3.2207277152772634e-05,53.54315753729664,0.0,23.67154628543408
2023-08-31,22.57,88.36,0.1560755440652001,-0.12744592832104415,-0.004163999786171809,0.12568935672603476,5.938561625353162e-05,,,,29.759234929967874,26.343134439727464,0.7656518394801276,31.095939271557786,3.1244439380049247,3.41610049024041,5.938561625353162e-05,0.8439244559347999,2.969280812676581e-05,56.27911593585529,62.19187854311557,15.607554406520011
2023-08-31,26.85,80.95,0.16480371758914802,-0.12632899209902085,-0.07951246458256894,0.22224224605512694,3.789483342426929e-05,,,,29.81505492685085,24.635572017789514,2.0347910496451194,0.0,32.03932120376927,5.179482909061335,3.789483342426929e-05,0.835196282410852,1.8947416712134644e-05,52.97078629988079,0.0,16.480371758914803
2023-08-31,17.38,78.48,0.07893875273987634,-0.06636884106965937,-0.04405801980287833,0.13022448536295747,6.356616504513535e-05,,,,26.65253032924562,21.05988323427431,1.9829459243916443,0.0,32.8181756148322,5.592647094971312,6.356616504513535e-05,0.9210612472601236,3.1783082522567674e-05,46.5428452622223,0.0,7.893875273987634
2023-08-31,26.91,75.78,0.2665696071777162,-0.2989743197564337,0.011542886891110037,0.07956840632561597,4.214268177969437e-05,,,,29.41362022620541,19.261493629444033,2.950877532597346,0.0,45.05065090098795,10.152126596761377,4.214268177969437e-05,0.7334303928222838,2.1071340889847185e-05,47.84942208883544,0.0,26.65696071777162
2023-08-31,30.73,76.77,0.2703459569984073,-0.2389066648866575,-0.07830529805691683,0.2273060222040716,4.7433718755520635e-05,,,,28.113466360608925,24.038524253141645,1.8167562476256527,0.0,38.29791884313578,4.07494210746728,4.7433718755520635e-05,0.7296540430015928,2.3716859377760317e-05,50.55594917223291,0.0,27.03459569984073
2023-08-31,11.01,76.96,0.1907394101700829,-0.22666528970928798,0.0379520695116981,0.04700259451418576,2.650654541170194e-05,,,,25.594699059619018,21.396868220445924,2.0559920029695458,4.541911614043833,35.634561048944356,4.197830839173093,2.650654541170194e-05,0.8092605898299171,1.325327270585097e-05,44.978498693712396,9.083823228087667,19.073941017008288
2023-08-31,9.93,76.26,0.0341397541143149,0.05651279531431495,-0.03128756930199994,0.15222512327062318,2.0630693580532055e-05,,,,26.688234471339854,24.63694519342164,1.5317440062720415,28.921848839598812,36.34952840814877,2.0512892779182152,2.0630693580532055e-05,0.9658602458856851,1.0315346790266027e-05,49.287336291176516,57.843697679197625,3.41397541143149
2023-09-02,13.08,80.27,0.23671546285434078,-0.2343300299744485,0.03545056584775619,0.04620213786520432,6.223689913277211e-05,,,,29.39711615198138,25.068989031158253,2.645982018524542,0.0,43.35857746313685,4.328127120823126,6.223689913277211e-05,0.7632845371456592,3.1118449566386054e-05,51.33820470650211,0.0,23.67154628543408
2023-09-02,23.02,72.57,0.21788068746933845,-0.24882997799940076,0.026390553731717396,0.0546654108115305,5.3031679930237236e-05,,,,29.443843443177798,22.034276022938684,1.069045070888125,0.0,31.94772485941568,7.409567420239114,5.3031679930237236e-05,0.7821193125306616,2.6515839965118618e-05,53.044813034459786,0.0,21.788068746933845
2023-09-02,25.61,85.14,0.09445171919691085,-0.08911644060359583,-0.012173298831734966,0.128307160141009,5.316367701639529e-05,,,,30.629802031288932,27.026005203432533,0.5090257520546412,14.717129664585507,33.83221598596285,3.6037968278563994,5.316367701639529e-05,0.9055482808030891,2.6581838508197645e-05,58.439654144540384,29.434259329171013,9.445171919691084
2023-09-04,19.07,72.87,0.23844911044138395,-0.23890577051763734,-0.11601760662646099,0.18330691784739106,4.586444011748104e-05,,,,27.309866291254934,23.67138198169323,2.585172063174065,0.0,20.92058431027208,3.6384843095617043,4.586444011748104e-05,0.761550889558616,2.293222005874052e-05,47.63014630138089,0.0,23.844911044138396
2023-09-04,23.02,72.57,0.21788068746933845,-0.24882997799940076,0.026390553731717396,0.0546654108115305,4.735416479806771e-05,,,,28.633577931134084,21.419050648125165,1.4823461620127558,0.0,30.62373917372139,7.21452728300892,4.735416479806771e-05,0.7821193125306616,2.3677082399033855e-05,50.695199896738195,0.0,21.788068746933845
2023-09-04,21.17,72.83,0.1578220066731941,-0.11467223109258992,-0.08996087776283557,0.13855293776358496,4.868761044674998e-05,,,,28.2256853739421,22.68225763668812,3.4015865759697754,0.0,29.61991344656332,5.543427737253978,4.868761044674998e-05,0.8421779933268059,2.434380522337499e-05,46.876483727317655,0.0,15.78220066731941
2023-09-04,26.91,75.78,0.2586040107561437,-0.28671086616749747,0.04977632315884539,0.05657981204009018,3.9867188548607604e-05,,,,30.445592649741513,18.11167457615403,3.3496317552967594,0.0,45.05065090098795,12.333918073587483,3.9867188548607604e-05,0.7413959892438563,1.9933594274303802e-05,48.02496275209577,0.0,25.86040107561437
2023-09-04,30.73,76.77,0.4664461471463923,-0.45251535176854296,-0.08452440515368126,0.26277090507716483,6.621783657756737e-05,,,,28.1069538329769,23.33975280894697,1.1014913225699596,0.0,38.29791884313578,4.76720102402993,6.621783657756737e-05,0.5335538528536077,3.3108918288783686e-05,51.627324508798914,0.0,46.64461471463923
2023-09-08,11.01,76.96,0.19257116206654995,-0.21576117883416274,0.03538944750203908,0.053107224074342735,2.2319007135258104e-05,,,,22.91148510202885,20.930414588327608,3.4726914782752445,0.0,30.591746644217825,1.9810705137012405,2.2319007135258104e-05,0.80742883793345,1.1159503567629052e-05,37.88705199065659,0.0,19.257116206654995
2023-09-10,11.01,76.96,0.19257116206654995,-0.21576117883416274,0.03538944750203908,0.053107224074342735,2.711026479127917e-05,,,,23.797687839143748,20.92901406407958,3.28509794143498,0.0,30.591746644217825,2.868673775064167,2.711026479127917e-05,0.80742883793345,1.3555132395639585e-05,39.59084290788545,0.0,19.257116206654995
2023-09-12,19.07,72.87,0.09715506116966244,-0.08298842748658859,-0.1246897810731902,0.21101335595918083,4.381216535197713e-05,,,,27.51634659268973,24.36448090396715,3.634663019194065,0.0,20.92058431027208,3.15186568872258,4.381216535197713e-05,0.9028449388303376,2.1906082675988566e-05,46.18743430263004,0.0,9.715506116966244
2023-09-12,21.17,72.83,0.10437665020547482,-0.07238393576581117,-0.08125366960980938,0.13691500849095567,4.401384254293412e-05,,,,27.98415021116631,24.401086509752645,4.932010755830614,0.0,29.61991344656332,3.583063701413664,4.401384254293412e-05,0.8956233497945252,2.200692127146706e-05,44.31274705996456,0.0,10.437665020547481
2023-09-14,22.57,88.36,0.22335915567380366,-0.20438014529685716,0.018053453838872573,0.09036778345324396,3.042903400930792e-05,,,,27.48786398334272,25.4996004410732,4.2374919563757505,19.83336456625928,-123.14852013999999,1.9882635422695216,3.042903400930792e-05,0.7766408443261963,1.521451700465396e-05,45.50661228279918,39.66672913251856,22.335915567380365
2023-09-14,11.01,76.96,0.2323753786342541,-0.267101321855341,0.057232561151649056,0.018710140304385968,3.666432825604198e-05,,,,24.269754191259608,20.297271781550762,3.6070656734788993,0.33681331496103817,30.591746644217825,3.972482409708846,3.666432825604198e-05,0.7676246213657459,1.833216412802099e-05,39.339135830706994,0.6736266299220763,23.23753786342541
2023-09-16,22.57,88.36,0.22335915567380366,-0.20438014529685716,0.018053453838872573,0.09036778345324396,2.9605729723071044e-05,,,,28.311215713877743,25.83177836853787,1.9538626642677008,0.0,-123.14852013999999,2.479437345339875,2.9605729723071044e-05,0.7766408443261963,1.4802864861535522e-05,51.47498742655015,0.0,22.335915567380365
2023-09-16,30.73,76.77,0.4531862566756781,-0.43492341223155945,-0.06863549233203944,0.24508491351701164,3.8039833599821846e-05,,,,26.95435800406932,23.908612056114464,0.4812508186047081,40.161349700527936,30.15199135500403,3.045745947954856,3.8039833599821846e-05,0.5468137433243219,1.9019916799910923e-05,51.4233413969518,80.32269940105587,45.31862566756781
2023-09-18,25.61,85.14,0.14393535239176491,-0.12217783332115145,-0.06944626395129604,0.17598870501505862,4.3283864300963256e-05,,,,29.631742323322953,26.457189250879424,0.485915880514822,6.263847731447768,17.506954124310415,3.17455307244353,4.3283864300963256e-05,0.8560646476082351,2.1641932150481628e-05,56.7043763493945,12.527695462895537,14.393535239176492
2023-09-20,28.61,77.2,0.550183671210047,-0.5118263114526885,-0.13105003701833534,0.31443659152416775,0.0001286338389178429,,,,29.45093736402947,24.878577121063813,0.3341819829841804,0.0,35.82336601326699,4.572360242965658,0.0001286338389178429,0.44981632878995303,6.431691945892145e-05,55.94733064060775,0.0,55.018367121004694
2023-09-20,26.91,75.78,0.23534992042827338,-0.23275019880876935,0.025592636893492803,0.06875620848019409,3.8531265464719896e-05,,,,28.208452058092405,23.419206150699438,1.1016647961765667,0.0,42.094756615736436,4.789245907392967,3.8531265464719896e-05,0.7646500795717266,1.9265632732359948e-05,51.81895157013519,0.0,23.534992042827337
2023-09-20,30.73,76.77,0.24622849860360196,-0.19217399814315642,-0.12273296601735639,0.2762889064619352,5.1487780960154025e-05,,,,27.235020145923215,23.25610031260902,0.8344681623223074,0.0,30.15199135500403,3.978919833314194,5.1487780960154025e-05,0.753771501396398,2.5743890480077013e-05,50.81164405054472,0.0,24.622849860360198
2023-09-24,28.61,77.2,0.2874682993849691,-0.2340926408944028,-0.1335140171510199,0.30314573427291774,0.00014170102597447964,,,,28.363605106569935,24.242172394472448,0.45598994586864927,0.0,36.22023356945074,4.121432712097487,0.00014170102597447964,0.7125317006150309,7.085051298723982e-05,53.75451396535383,0.0,28.74682993849691
2023-09-24,26.85,80.95,0.24913974922487866,-0.21486152726120877,-0.04827808696062672,0.17138285322818134,2.8826069662443804e-05,,,,27.430841249770992,23.789385720610824,0.994911731642903,0.0,-50.747108176814415,3.6414555291601687,2.8826069662443804e-05,0.7508602507751213,1.4413034831221902e-05,51.05113127167609,0.0,24.913974922487867
2023-09-26,28.61,77.2,0.2874682993849691,-0.2340926408944028,-0.1335140171510199,0.30314573427291774,0.00010729482616705182,,,,28.54602481260997,23.57868827022645,0.7543692366683215,0.0,36.22023356945074,4.967336542383521,0.00010729482616705182,0.7125317006150309,5.364741308352591e-05,53.09964288069154,0.0,28.74682993849691
2023-09-26,13.08,80.27,0.21575567934669201,-0.194432980578849,0.00739531510938028,0.10672573586540123,5.070456922670417e-05,,,,28.890482681163064,25.07096077485096,2.3015764539987056,6.557108702932955,22.660369487163067,3.8195219063121044,5.070456922670417e-05,0.784244320653308,2.5352284613352086e-05,51.268051501172664,13.11421740586591,21.575567934669202
2023-09-26,25.61,85.14,-0.011246389860579572,0.05702601209545714,-0.26692193559222965,0.40349590693185877,5.402705967532009e-05,,,,28.594020350520736,25.59151806118092,1.442530383513976,0.0,17.506954124310415,3.002502289339816,5.402705967532009e-05,1.0112463898605795,2.7013529837660044e-05,52.80172878934361,0.0,-1.124638986057957
2023-09-28,26.85,80.95,0.42296272697694665,-0.41238329113447864,-0.04770295844192163,0.21498482663017815,4.558871037313715e-05,,,,28.566048492979007,24.473862735537352,1.1396786351038806,0.0,-50.747108176814415,4.092185757441655,4.558871037313715e-05,0.5770372730230533,2.2794355186568575e-05,52.806646837029426,0.0,42.29627269769466
2023-09-28,23.02,72.57,0.021696702845609595,-0.019565038060367575,0.023329575589625003,0.06852038773852435,9.189465704218055e-05,,,,28.954196512446515,25.90458101041054,1.438868097409836,0.025459686455699057,29.368415669710057,3.0496155020359765,9.189465704218055e-05,0.9783032971543903,4.5947328521090274e-05,53.505849079055366,0.050919372911398114,2.1696702845609597
2023-09-28,17.38,78.48,0.20377500495857173,-0.20638265174947448,0.018631171257238337,0.0716615516978391,4.506617380864358e-05,,,,25.47200080788957,22.62842787839412,1.25380597520199,18.147069842963145,-13.781189177157056,2.8435729294954513,4.506617380864358e-05,0.7962249950414283,2.253308690432179e-05,47.014603200627434,36.29413968592629,20.377500495857173
2023-09-30,28.61,77.2,0.38504378423910957,-0.3619138072798205,-0.1435682396259757,0.27434162248900207,0.00010252016711069727,,,,27.586994617734433,18.279036957977326,2.368947478306694,0.0,35.64722789305545,9.307957659757108,0.00010252016711069727,0.6149562157608904,5.1260083555348635e-05,45.782115448976924,0.0,38.50437842391096
2023-09-30,13.08,80.27,0.21321701722655778,-0.1900512385609476,-0.002324998868347384,0.08883525014435234,5.382309382546484e-05,,,,28.939735588018095,24.287181254663096,3.2007788589929826,3.9944702282073394,22.660369487163067,4.652554333354999,5.382309382546484e-05,0.7867829827734423,2.691154691273242e-05,49.151636291372725,7.988940456414679,21.321701722655778
2023-09-30,26.85,80.95,0.42296272697694665,-0.41238329113447864,-0.04770295844192163,0.21498482663017815,4.321082231692832e-05,,,,28.836273256652532,23.296654760249567,1.11301709616163,0.0,-50.747108176814415,5.539618496402966,4.321082231692832e-05,0.5770372730230533,2.160541115846416e-05,52.67670307278032,0.0,42.29627269769466
2023-09-30,17.38,78.48,0.20377500495857173,-0.20638265174947448,0.018631171257238337,0.0716615516978391,2.9279901327417198e-05,,,,25.3688574295565,21.905042090876975,3.0003709200657442,0.0,-13.781189177157056,3.463815338679524,2.9279901327417198e-05,0.7962249950414283,1.4639950663708599e-05,43.00506534964175,0.0,20.377500495857173
2023-09-30,26.91,75.78,0.29804272423019285,-0.3234758750492409,-0.012061177424707328,0.10113032635139203,5.717151185995249e-05,,,,27.365948752834413,13.886508208903422,1.9795809720366855,0.0,39.49859099127849,13.479440543930991,5.717151185995249e-05,0.7019572757698072,2.8585755929976247e-05,44.03301528962996,0.0,29.804272423019285
2023-09-30,30.73,76.77,0.4545092455617135,-0.42862577278952774,-0.09769169121021365,0.2607215191204415,5.647626879996112e-05,,,,26.247760682116507,18.82504237776834,1.4275828908420767,0.0,32.19715403350581,7.422718304348166,5.647626879996112e-05,0.5454907544382865,2.823813439998056e-05,45.92899643037478,0.0,45.45092455617135
2023-11-01,23.02,72.57,0.1905016860792599,-0.23415663266696557,0.026469612470699934,0.05307305632919479,0.00012888434602130756,,,,26.59094766532303,14.321439074918715,1.9385881008597725,0.0,18.572353018535914,12.269508590404314,0.00012888434602130756,0.8094983139207401,6.444217301065378e-05,43.16996483372436,0.0,19.05016860792599
2023-11-01,9.93,76.26,0.06471843617177662,-0.004347497810374298,-0.22615050451803112,0.24145159885751644,2.7167746972405397e-05,,,,26.545335350784626,24.24010081571697,1.3928768115829742,20.014168687300252,18.303730900743165,2.3052345350676546,2.7167746972405397e-05,0.9352815638282234,1.3583873486202699e-05,49.15229981086948,40.028337374600504,6.4718436171776625
2023-11-03,22.57,88.36,0.05118684355132731,-0.038225499799456275,0.005406802693486768,0.10618594844895103,0.00012998871749733755,,,,26.847571450692612,22.703044627625275,0.4435286633329242,0.0,33.093011453840454,4.144526823067338,0.00012998871749733755,0.9488131564486727,6.499435874866877e-05,50.73582216318571,0.0,5.118684355132731
2023-11-03,26.85,80.95,0.19303397742671657,-0.17494522180047742,-0.08931527423350438,0.2458786221859674,6.83389271788991e-05,,,,24.18627809145346,16.58115772766206,0.9248308146485175,0.0,31.85959856513834,7.6051203637914,6.83389271788991e-05,0.8069660225732834,3.416946358944955e-05,42.72033437171419,0.0,19.303397742671656
2023-11-03,23.02,72.57,0.1905016860792599,-0.23415663266696557,0.026469612470699934,0.05307305632919479,0.00014781370765700548,,,,26.67392173134988,14.300164599409413,1.5655037023118443,0.0,18.572353018535914,12.373757131940465,0.00014781370765700548,0.8094983139207401,7.390685382850274e-05,44.02995749210584,0.0,19.05016860792599
2023-11-03,26.91,75.78,0.21811131766274205,-0.2569200025312035,0.023468569887001318,0.07903312267647464,7.344298932096686e-05,,,,24.755961261673804,9.608364330506618,1.182185538772448,0.0,24.019579991987765,15.147596931167186,7.344298932096686e-05,0.781888682337258,3.672149466048343e-05,39.57375298021912,0.0,21.811131766274205
2023-11-03,30.73,76.77,0.41650483808373284,-0.4122888096571181,-0.10831300483502138,0.27260852353809634,8.888607480920012e-05,,,,20.764942520462967,13.366937192142586,0.9259289474327307,0.0,26.844533779924802,7.39800532832038,8.888607480920012e-05,0.5834951619162672,4.444303740460006e-05,35.97902448190028,0.0,41.65048380837328
2023-11-05,13.08,80.27,0.03696410527549585,0.003656396246700357,-0.19038549936633548,0.2691755380566948,5.6802686295043855e-05,,,,26.23899451856778,24.088986342492717,0.46723264818880184,37.084558817383595,22.477857300147143,2.150008176075062,5.6802686295043855e-05,0.9630358947245041,2.8401343147521928e-05,50.468519652720424,74.16911763476719,3.696410527549585
2023-11-05,22.57,88.36,0.05118684355132731,-0.038225499799456275,0.005406802693486768,0.10618594844895103,7.373791206299379e-05,,,,26.016058481475454,22.49544746022167,1.2878251989129386,0.0,33.093011453840454,3.520611021253785,7.373791206299379e-05,0.9488131564486727,3.6868956031496895e-05,47.69616105449814,0.0,5.118684355132731
2023-11-05,26.91,75.78,0.21811131766274205,-0.2569200025312035,0.023468569887001318,0.07903312267647464,5.923963434172719e-05,,,,24.601665588564742,10.159574948779778,1.0324348518098025,0.0,24.019579991987765,14.442090639784965,5.923963434172719e-05,0.781888682337258,2.9619817170863595e-05,39.917416153617395,0.0,21.811131766274205
2023-11-05,30.73,76.77,0.41650483808373284,-0.4122888096571181,-0.10831300483502138,0.27260852353809634,8.432237280700361e-05,,,,20.15982278063416,10.760780094288066,1.2573565565564597,0.0,26.844533779924802,9.399042686346093,8.432237280700361e-05,0.5834951619162672,4.2161186403501804e-05,33.10541110498235,0.0,41.65048380837328
2023-11-05,25.61,85.14,0.2892489635434303,-0.38449641742271956,-0.0010477760218405414,0.13775772927238647,4.5927207935118494e-05,,,,24.35015920930141,17.88263504068874,1.2167547891127373,0.0,23.22229808369705,6.46752416861267,4.5927207935118494e-05,0.7107510364565697,2.2963603967559247e-05,43.03304675607101,0.0,28.924896354343034
2023-11-07,25.61,85.14,0.2643293405852116,-0.32590497207649166,-0.011841359801493583,0.10505550458677586,4.746538817221124e-05,,,,23.205162876161012,16.108248331335005,1.6206724548399212,0.0,23.22229808369705,7.0969145448260065,4.746538817221124e-05,0.7356706594147884,2.373269408610562e-05,39.62052357022918,0.0,26.432934058521163
2023-11-09,22.57,88.36,0.2619004960594846,-0.3081918844469371,0.005998984321088479,0.12127984813364691,9.723562810936783e-05,,,,25.031074118908577,18.16649097395532,1.1696100547285622,0.0,33.093011453840454,6.864583144953258,9.723562810936783e-05,0.7380995039405154,4.861781405468392e-05,44.2906365558834,0.0,26.190049605948463
2023-11-11,21.17,72.83,0.19157579305740496,-0.21448657727487494,-0.038115796928009135,0.11344916865619059,5.108620353819288e-05,,,,29.24855134112289,13.584999758642539,4.067580879217672,0.0,37.771892888203794,15.663551582480352,5.108620353819288e-05,0.8084242069425951,2.554310176909644e-05,42.53016513257026,0.0,19.157579305740498
2023-11-11,25.61,85.14,0.2154569152993204,-0.2316688173979581,-0.03162161515012648,0.14074021017488333,4.510012343953765e-05,,,,23.846031599689354,18.684772228742077,0.9502819091540293,0.0,23.22229808369705,5.161259370947278,4.510012343953765e-05,0.7845430847006796,2.2550061719768825e-05,43.21086969559701,0.0,21.54569152993204
2023-11-13,28.61,77.2,0.29698960119408147,-0.2460364861229894,-0.16355641031546972,0.34948893352090027,0.00014772786798690805,,,,20.144935505735816,12.644807578641974,1.471863115442922,0.0,26.39228123425706,7.500127927093843,0.00014772786798690805,0.7030103988059185,7.386393399345402e-05,33.59608081703887,0.0,29.698960119408145
2023-11-13,21.17,72.83,0.19157579305740496,-0.21448657727487494,-0.038115796928009135,0.11344916865619059,6.520558583709513e-05,,,,27.11368339106724,13.788956146720125,2.9295080415412733,0.0,37.771892888203794,13.324727244347116,6.520558583709513e-05,0.8084242069425951,3.260279291854756e-05,41.70598707687838,0.0,19.157579305740498
2023-11-13,25.61,85.14,0.2154569152993204,-0.2316688173979581,-0.03162161515012648,0.14074021017488333,3.9508145955575e-05,,,,23.21916632279357,16.68253343592295,1.5099482959468806,0.0,23.22229808369705,6.5366328868706205,3.9508145955575e-05,0.7845430847006796,1.97540729777875e-05,40.150119610258066,0.0,21.54569152993204
2023-11-15,28.61,77.2,0.29698960119408147,-0.2460364861229894,-0.16355641031546972,0.34948893352090027,0.00023264305914418398,,,,19.646332922816896,12.690133991199389,1.7127321926383288,0.0,24.96663081040354,6.956198931617507,0.00023264305914418398,0.7030103988059185,0.00011632152957209199,32.38910199454838,0.0,29.698960119408145
2023-11-15,18.52,73.85,0.4444889778968739,-0.44561298436650026,-0.05303950797559085,0.24152337724909553,5.468952894199254e-05,,,,23.943769549751096,12.55045293737004,1.457795321504594,0.0,23.728208761902135,11.393316612381057,5.468952894199254e-05,0.5555110221031261,2.734476447099627e-05,39.275290150302475,0.0,44.44889778968739
2023-11-15,26.91,75.78,0.2460765758204008,-0.2826022075516585,0.0073168696682664805,0.11091004950737196,5.5221940067803094e-05,,,,19.68310218125896,11.113843603148723,1.5295575607944498,0.0,26.560431057336597,8.569258578110237,5.5221940067803094e-05,0.7539234241795992,2.7610970033901547e-05,32.0224599518739,0.0,24.60765758204008
2023-11-15,30.73,76.77,0.41322777927756127,-0.40110450671577424,-0.09401347330146093,0.262145949482686,8.439215504118855e-05,,,,18.680757836457587,13.29655691824189,1.075433623620033,0.0,24.037937675171637,5.384200918215697,8.439215504118855e-05,0.5867722207224387,4.2196077520594274e-05,32.51854796656726,0.0,41.32277792775613
2023-11-15,9.93,76.26,0.037061935385150686,0.07592209630124898,-0.10570892200863581,0.225486408498935,2.8098878627870324e-05,,,,26.911101502063218,23.534521955602315,0.1861763532468143,6.744732840649493,27.38822422777868,3.3765795464609027,2.8098878627870324e-05,0.9629380646148493,1.4049439313935162e-05,51.761560524402356,13.489465681298986,3.706193538515069
2023-11-17,26.85,80.95,0.17875794232700976,-0.14601913984522474,-0.08734920524146074,0.252596275845302,5.1809433387837544e-05,,,,21.702284988836652,14.485859545036305,1.6945947684642753,0.0,26.505499115816498,7.216425443800347,5.1809433387837544e-05,0.8212420576729902,2.5904716693918772e-05,36.40716771884458,0.0,17.875794232700976
2023-11-17,23.02,72.57,0.21274615347507825,-0.29078133051721117,0.06935160195978328,0.03388270129349581,7.897691057738446e-05,,,,24.323614322610922,14.089176471247185,2.505933717109405,0.0,33.748142920198035,10.234437851363737,7.897691057738446e-05,0.7872538465249217,3.948845528869223e-05,38.51814228532117,0.0,21.274615347507826
2023-11-17,12.97,77.59,0.3308586445344301,-0.3471012088061048,-0.024440646938770766,0.1506310531382493,4.922222061768406e-05,,,,22.844759988026112,17.673781920471583,2.2586021284480933,0.0,32.0476658247293,5.170978067554529,4.922222061768406e-05,0.6691413554655699,2.461111030884203e-05,38.586826685378774,0.0,33.08586445344301
2023-11-17,11.01,76.96,0.24807747048652695,-0.24171149233950362,-0.07530648836137291,0.18712154575000692,2.1743939905691707e-05,,,,24.440745897149327,20.106307538030933,1.04970402692222,0.0,20.230125327388865,4.334438359118394,2.1743939905691707e-05,0.751922529513473,1.0871969952845854e-05,44.614864560895015,0.0,24.807747048652693
2023-11-17,9.93,76.26,0.04520644232380902,0.06370129013708248,-0.15191291441613047,0.2744573870460712,2.8207075171489262e-05,,,,27.247929920869808,24.52581374972476,0.5682651483617358,3.5966127977742777,27.38822422777868,2.7221161711450463,2.8207075171489262e-05,0.954793557676191,1.4103537585744631e-05,51.99827145944362,7.193225595548555,4.520644232380902
2023-11-19,28.61,77.2,0.32294237371914103,-0.3129496523923488,-0.12052327002608286,0.30113783306520764,0.0001918668524329743,,,,20.26184944085469,12.865945708251672,0.7607848947927162,0.0,23.54098038655007,7.395903732603017,0.0001918668524329743,0.677057626280859,9.593342621648714e-05,35.304177225822436,0.0,32.2942373719141
2023-11-19,22.57,88.36,0.21801793628235455,-0.2274749986479898,-0.004094989894289859,0.09115307980681729,7.549614377812428e-05,,,,24.50137549977245,19.329033222904968,1.782310850626437,0.0,31.000738253684165,5.172342276867482,7.549614377812428e-05,0.7819820637176454,3.774807188906214e-05,42.851958159858285,0.0,21.801793628235455
2023-11-19,26.85,80.95,0.17875794232700976,-0.14601913984522474,-0.08734920524146074,0.252596275845302,4.494392221280721e-05,,,,21.45559716388607,14.290912771296234,1.3869083180406783,0.0,26.505499115816498,7.164684392589834,4.494392221280721e-05,0.8212420576729902,2.2471961106403606e-05,36.55503549539586,0.0,17.875794232700976
2023-11-19,12.97,77.59,0.3308586445344301,-0.3471012088061048,-0.024440646938770766,0.1506310531382493,5.4734690476573746e-05,,,,22.30695402767168,15.524073945741634,2.852108269450379,0.0,32.0476658247293,6.782880081930045,5.4734690476573746e-05,0.6691413554655699,2.7367345238286873e-05,35.51825147547758,0.0,33.08586445344301
2023-11-19,18.52,73.85,0.41899254023585114,-0.4137158148979579,-0.052681601833740654,0.22201623557834949,6.873971301637737e-05,,,,24.851884798566687,17.06985520206007,0.5143585672247027,0.0,23.728208761902135,7.782029596506618,6.873971301637737e-05,0.5810074597641488,3.436985650818868e-05,44.784037664430656,0.0,41.899254023585115
2023-11-19,26.91,75.78,0.24505727615215084,-0.29040277858090935,0.01925271492519622,0.08218752264243734,7.195362725562738e-05,,,,19.943577174472637,11.33059938160801,2.003577481908879,0.0,26.560431057336597,8.612977792864626,7.195362725562738e-05,0.7549427238478492,3.597681362781369e-05,31.573510488695202,0.0,24.505727615215083
2023-11-19,30.73,76.77,0.3322357321124049,-0.3046187446031913,-0.09954222422216015,0.24844735780422514,7.81051521230557e-05,,,,18.633427370746062,13.010499175216523,1.141582411322027,0.0,24.037937675171637,5.622928195529539,7.81051521230557e-05,0.667764267887595,3.905257606152785e-05,32.1722258210833,0.0,33.22357321124049
2023-11-19,11.01,76.96,0.24807747048652695,-0.24171149233950362,-0.07530648836137291,0.18712154575000692,3.182014372295202e-05,,,,23.624231701440294,17.89028256734207,1.3735613031877452,0.0,20.230125327388865,5.733949134098225,3.182014372295202e-05,0.751922529513473,1.591007186147601e-05,41.634366229455985,0.0,24.807747048652693
2023-11-19,9.93,76.26,0.025247226791796494,0.05795603095343354,-0.09059508453961407,0.19047601320482302,3.447270422218562e-05,,,,26.55469990898581,24.571211115519247,0.9759753049042486,0.0,27.38822422777868,1.983488793466563,3.447270422218562e-05,0.9747527732082035,1.723635211109281e-05,50.16570481142984,0.0,2.5247226791796495
2023-11-21,23.02,72.57,0.19477976671081978,-0.2345433930271487,0.002785876640736716,0.07089543071106601,0.00011027067102915943,,,,25.388911890753945,14.822361860477429,2.3254976209517104,0.0,33.748142920198035,10.566550030276517,0.00011027067102915943,0.8052202332891802,5.5135335514579715e-05,40.84355352446621,0.0,19.47797667108198
2023-11-21,25.61,85.14,0.2010281868531412,-0.23162315821800547,-0.05015494228331776,0.16916699256598045,4.977862199077959e-05,,,,21.9841738284494,14.550522810198174,2.600131916377898,0.0,-17.904591103048038,7.433651018251226,4.977862199077959e-05,0.7989718131468588,2.4889310995389795e-05,35.05125831501739,0.0,20.10281868531412
2023-11-23,28.61,77.2,0.39048483289211644,-0.3736398865751503,-0.1230942808446266,0.2997133989684495,0.00024301993218008605,,,,18.89491142738916,11.789509306873356,0.968002130774633,0.0,23.54098038655007,7.105402120515805,0.00024301993218008605,0.6095151671078836,0.00012150996609004303,32.301117532971155,0.0,39.048483289211646
2023-11-23,19.07,72.87,0.26115869888798593,-0.28262564452561867,-0.01717886593176482,0.11433195946389517,0.00012370395647577347,,,,27.94288385495622,18.49758424142118,2.909318939138929,0.0,33.83040423842511,9.445299613535042,0.00012370395647577347,0.7388413011120141,6.185197823788673e-05,45.34448002486707,0.0,26.115869888798592
2023-11-23,22.57,88.36,0.225588930192209,-0.2307732228977483,-0.017177094848757707,0.12388620280412706,8.606796168073433e-05,,,,22.86659657042702,16.569210919038824,1.5838878647841974,0.0,31.000738253684165,6.297385651388197,8.606796168073433e-05,0.7744110698077911,4.3033980840367164e-05,39.416724585591545,0.0,22.5588930192209
2023-11-23,23.02,72.57,0.19477976671081978,-0.2345433930271487,0.002785876640736716,0.07089543071106601,9.087175542700261e-05,,,,22.956989145738305,11.419942483185366,1.9009428450133574,0.0,29.845171929524202,11.537046662552939,9.087175542700261e-05,0.8052202332891802,4.543587771350131e-05,36.343569270173425,0.0,19.47797667108198
2023-11-23,18.52,73.85,0.1170787234192556,-0.0682150712000226,-0.0638913272030597,0.19865217684318498,7.022668265321622e-05,,,,23.860990965600138,16.177987498405116,1.5586540647505336,0.0,23.728208761902135,7.683003467195022,7.022668265321622e-05,0.8829212765807444,3.511334132660811e-05,40.763172068101696,0.0,11.70787234192556
2023-11-23,21.17,72.83,0.2044772803131323,-0.25375321462251865,0.009812302492888942,0.07098262200124521,8.416034428720937e-05,,,,26.357184538451463,12.293343612383069,3.1613202507387452,0.0,23.45605302610743,14.063840926068394,8.416034428720937e-05,0.7955227196868677,4.2080172143604686e-05,39.359808112391235,0.0,20.447728031313233
2023-11-23,26.91,75.78,0.15493051472124406,-0.24612644424498137,0.024411269249386466,0.03948743501079611,8.254681615674472e-05,,,,19.036336674102415,8.061295262863723,1.2503394681381543,0.0,26.560431057336597,10.975041411238692,8.254681615674472e-05,0.8450694852787559,4.127340807837236e-05,30.084473706309176,0.0,15.493051472124405
2023-11-23,30.73,76.77,0.3669775593403169,-0.3669825228547717,-0.1031077672234328,0.25436741235813903,0.00011993233338627585,,,,16.866275980720218,11.800938375081103,1.0515032572402523,0.0,24.037937675171637,5.065337605639115,0.00011993233338627585,0.6330224406596832,5.9966166693137925e-05,29.096876644140373,0.0,36.69775593403169
2023-11-23,25.61,85.14,0.1733644758730956,-0.1764519439741551,-0.05915230336419408,0.16849633033529215,4.624639916062491e-05,,,,20.72289445510677,14.230292508669152,1.4223951042620901,0.0,-17.904591103048038,6.492601946437617,4.624639916062491e-05,0.8266355241269043,2.3123199580312457e-05,35.35469772847055,0.0,17.33644758730956
2023-11-25,28.61,77.2,0.39048483289211644,-0.3736398865751503,-0.1230942808446266,0.2997133989684495,0.00014751424451137072,,,,19.290102448789753,12.51478833246972,0.22780116968460526,0.0,23.066312707724673,6.7753141163200326,0.00014751424451137072,0.6095151671078836,7.375712225568536e-05,34.73694550005028,0.0,39.048483289211646
2023-11-25,22.57,88.36,0.225588930192209,-0.2307732228977483,-0.017177094848757707,0.12388620280412706,7.596803333797069e-05,,,,23.393080930356632,16.538213466126308,2.2152595218613853,0.0,31.000738253684165,6.854867464230324,7.596803333797069e-05,0.7744110698077911,3.7984016668985346e-05,38.928209084875334,0.0,22.5588930192209
2023-11-25,25.61,85.14,0.19442206363194614,-0.23601211091854768,-0.03996446240144271,0.16148603561084637,7.25744782563119e-05,,,,20.521358599478106,14.213385435841587,1.2397418199338137,0.0,-17.904591103048038,6.307973163636518,7.25744782563119e-05,0.8055779363680539,3.628723912815595e-05,35.40924697727033,0.0,19.442206363194614
2023-11-27,19.07,72.87,0.14771976302548004,-0.1319167792228927,-0.08618359315856713,0.21526737339553245,0.00010557434603847443,,,,26.448467233762244,21.99583533557501,1.4826799026654978,0.0,33.83040423842511,4.452631898187235,0.00010557434603847443,0.8522802369745199,5.278717301923722e-05,47.70525871309987,0.0,14.771976302548003
2023-11-27,26.85,80.95,0.3835643898101562,-0.43220439957585727,-0.01413744164999669,0.19419747183608213,5.5444354791693976e-05,,,,18.729225940447805,15.49147041161143,0.7299078501214316,0.0,8.306536398588214,3.2377555288363737,5.5444354791693976e-05,0.6164356101898438,2.7722177395846988e-05,34.37975841623456,0.0,38.35643898101562
2023-11-27,23.02,72.57,0.1269007861924044,-0.11663580804924295,-0.049663133472262505,0.1657058739849222,5.885532551442764e-05,,,,21.05246257230732,17.644111284171515,1.7469139447126418,0.0,29.845171929524202,3.4083512881358047,5.885532551442764e-05,0.8730992138075956,2.942766275721382e-05,36.906921611121454,0.0,12.690078619240442
2023-11-27,21.17,72.83,0.18304882101189948,-0.1901304904992619,-0.06128125836224135,0.17964223733044,4.260411872165007e-05,,,,23.874831052096397,20.45352652927619,1.8508486651885323,0.0,23.45605302610743,3.4213045228202077,4.260411872165007e-05,0.8169511789881005,2.1302059360825036e-05,42.337312512405624,0.0,18.30488210118995
2023-11-27,9.93,76.26,-0.06093572290449493,0.1740294918149398,-0.08327169009893105,0.1570059344612985,4.1440417029501694e-05,,,,27.512295360191274,23.99043834162694,0.4508482900529582,0.0,-69.74748926035336,3.521857018564333,4.1440417029501694e-05,1.060935722904495,2.0720208514750847e-05,52.36196563099447,0.0,-6.093572290449493
2023-11-29,26.85,80.95,0.3835643898101562,-0.43220439957585727,-0.01413744164999669,0.19419747183608213,6.41656787065793e-05,,,,20.34037726648893,14.203767323743477,0.9579219156166804,0.0,8.306536398588214,6.1366099427454515,6.41656787065793e-05,0.6164356101898438,3.208283935328965e-05,35.69660573037177,0.0,38.35643898101562
2023-12-01,19.07,72.87,0.28498789872559077,-0.2982160837892796,-0.023536661838414432,0.12345795374806776,0.00016488353818744377,,,,25.26568368940218,21.28357362320179,1.9095820794260987,0.0,33.83040423842511,3.9821100662003914,0.00016488353818744377,0.7150121012744093,8.244176909372189e-05,44.72114818685197,0.0,28.498789872559076
2023-12-01,23.02,72.57,-0.052552816962158085,0.10899245665200295,-0.10963235664773721,0.20728188739566142,4.0348949343809396e-05,,,,22.979275627356742,17.56536572186252,3.0047499838185407,0.0,29.746941087242295,5.413909905494222,4.0348949343809396e-05,1.052552816962158,2.0174474671904698e-05,37.24209633432929,0.0,-5.255281696215809
2023-12-01,21.17,72.83,0.21463601565060644,-0.2494561198074908,0.0021855796436856196,0.10268648478163372,6.994794187839474e-05,,,,24.54549757279699,20.41383213307131,2.86682273131934,0.0,23.45605302610743,4.13166543972568,6.994794187839474e-05,0.7853639843493936,3.497397093919737e-05,41.29151696309246,0.0,21.463601565060646
2023-12-01,9.93,76.26,0.040206557317917044,-0.013009803982663878,-0.2840567369201762,0.22917862086885205,2.7639660796846766e-05,,,,26.658764439003107,24.272631245033438,0.8843153288967951,6.202679219183985,-69.74748926035336,2.3861331939696697,2.7639660796846766e-05,0.959793442682083,1.3819830398423383e-05,50.355831623227786,12.40535843836797,4.020655731791704
2023-12-03,28.61,77.2,0.41726603149947805,-0.40181766508572764,-0.10786132756406562,0.28258794522265146,0.00021044700886301248,,,,19.04201497631624,12.94455024853977,0.9642265717998701,0.0,21.948275460550715,6.097464727776469,0.00021044700886301248,0.582733968500522,0.00010522350443150624,33.1068444451445,0.0,41.726603149947806
2023-12-03,23.02,72.57,-0.052552816962158085,0.10899245665200295,-0.10963235664773721,0.20728188739566142,6.112115333971773e-05,,,,23.692227474205367,19.68334405491123,2.8029826790038173,0.0,29.648710244960554,4.008883419294136,6.112115333971773e-05,1.052552816962158,3.0560576669858864e-05,39.77404788075603,0.0,-5.255281696215809
2023-12-03,26.91,75.78,0.2388585445288685,-0.27379489223153325,0.013932583708205735,0.0924923880571585,3.7518096592297416e-05,,,,17.498088214241477,13.789693622211757,2.2249136532279765,0.0,25.299420429220497,3.7083945920297197,3.7518096592297416e-05,0.7611414554711315,1.8759048296148708e-05,28.692151826012143,0.0,23.88585445288685
2023-12-03,30.73,76.77,0.42983624149854105,-0.41590775059829993,-0.10736625998009798,0.2786321671844637,7.479706576475528e-05,,,,16.003291110812427,9.917872125685165,0.7417582815387611,0.0,18.951598109138523,6.085418985127262,7.479706576475528e-05,0.570163758501459,3.739853288237764e-05,27.4803561659837,0.0,42.98362414985411
2023-12-05,28.61,77.2,0.41726603149947805,-0.40181766508572764,-0.10786132756406562,0.28258794522265146,0.0001927430168511057,,,,17.210759791247256,10.939363253932413,2.154298955102736,0.0,20.830238213376692,6.271396537314843,0.0001927430168511057,0.582733968500522,9.637150842555286e-05,26.97722340363162,0.0,41.726603149947806
2023-12-05,26.91,75.78,0.2388585445288685,-0.27379489223153325,0.013932583708205735,0.0924923880571585,5.130132588499611e-05,,,,17.092784793337046,9.300775068100222,2.329511893946354,0.0,25.299420429220497,7.792009725236824,5.130132588499611e-05,0.7611414554711315,2.5650662942498054e-05,25.630540936162973,0.0,23.88585445288685
2023-12-05,30.73,76.77,0.42983624149854105,-0.41590775059829993,-0.10736625998009798,0.2786321671844637,7.729644056477731e-05,,,,15.494970483163513,9.32979041122411,1.4368336119833198,0.0,18.951598109138523,6.165180071939403,7.729644056477731e-05,0.570163758501459,3.864822028238866e-05,25.033683706390686,0.0,42.98362414985411
2023-12-05,9.93,76.26,0.05811440519957759,0.0729132550510286,-0.10058597293346733,0.20424378310323896,2.494982288419131e-05,,,,27.136754308962395,24.133204284368844,0.5666313534578589,0.0,-69.74748926035336,3.003550024593551,2.494982288419131e-05,0.9418855948004224,1.2474911442095655e-05,51.6384708987123,0.0,5.811440519957759
2023-12-07,23.02,72.57,0.2151694567187488,-0.24196366344125503,-0.0064908956006362465,0.11716110374993217,7.370405922636556e-05,,,,21.68087469993992,15.540465367782076,2.7213286822643705,0.0,29.648710244960554,6.140409332157844,7.370405922636556e-05,0.7848305432812512,3.685202961318278e-05,34.84888736927218,0.0,21.51694567187488
2023-12-07,25.61,85.14,0.024509264162703565,0.012768754841219776,-0.10646708703304415,0.21970536562519724,4.4423143978753105e-05,,,,19.676825972479605,18.067030588206535,0.774108125297038,0.20744238968553216,21.76052463253553,1.6097953842730703,4.4423143978753105e-05,0.9754907358372964,2.2211571989376553e-05,37.0005380022286,0.4148847793710643,2.4509264162703563
2023-12-09,28.61,77.2,0.4248432473777856,-0.4049936269959369,-0.11242146892629244,0.27695966374993225,0.00018707438727880892,,,,16.501628786189485,9.231579509283222,2.7553652901434402,0.0,20.830238213376692,7.2700492769062635,0.00018707438727880892,0.5751567526222143,9.353719363940446e-05,23.857502353638957,0.0,42.484324737778564
2023-12-09,22.57,88.36,0.2144998190560101,-0.20877922288113587,-0.05704520693299836,0.18958321134227457,8.714717975066825e-05,,,,20.703737654509382,16.48778335665486,2.125634974250096,0.0,27.16777854597376,4.215954297854523,8.714717975066825e-05,0.7855001809439899,4.357358987533412e-05,35.04822821159131,0.0,21.44998190560101
2023-12-09,18.52,73.85,0.4040203832882959,-0.39594146367406013,-0.040694011217819105,0.1955358794700094,7.147032683214375e-05,,,,22.773924973889734,16.829289305596546,1.7837636622569149,0.0,31.343944772336734,5.944635668293188,7.147032683214375e-05,0.5959796167117041,3.5735163416071876e-05,39.00800478911904,0.0,40.40203832882959
2023-12-09,26.91,75.78,0.2354753618594236,-0.27016798809701975,0.01553977925972949,0.06425717714588303,6.235475074409431e-05,,,,16.96665019379367,8.143082700291018,1.3447890830968565,0.0,25.299420429220497,8.823567493502651,6.235475074409431e-05,0.7645246381405764,3.1177375372047156e-05,26.8319384746423,0.0,23.54753618594236
2023-12-09,30.73,76.77,0.44519949492411176,-0.43156379464977496,-0.12828774930600545,0.2804298581822679,6.644746344937299e-05,,,,14.19806291972202,6.992379377056295,2.229385829531871,0.0,18.951598109138523,7.205683542665724,6.644746344937299e-05,0.5548005050758882,3.3223731724686495e-05,20.334512409047434,0.0,44.51994949241118
2023-12-09,25.61,85.14,0.2567624032305633,-0.2759602362095743,-0.051055246377046205,0.15773929851875385,4.9111208071633434e-05,,,,19.739581697676897,13.635083604202919,2.9399244005297054,0.0,21.76052463253553,6.104498093473978,4.9111208071633434e-05,0.7432375967694367,2.4555604035816717e-05,30.547065547557395,0.0,25.676240323056334
2023-12-11,19.07,72.87,0.29647044928430843,-0.32181767292353414,-0.03778871277116939,0.13227683580889618,0.00025761575789915976,,,,27.305282799640167,18.937539976509186,3.1177962098996774,0.0,32.894545696796705,8.367742823130982,0.00025761575789915976,0.7035295507156916,0.00012880787894957988,44.19110176791549,0.0,29.647044928430844
2023-12-11,23.02,72.57,0.14908510728342358,-0.15103694575898563,-0.06712775437614292,0.13178046260437926,0.00011493796729971866,,,,20.749017859515902,14.652703145933117,1.6928804241190727,3.8341930389404295,28.40263584715991,6.096314713582785,0.00011493796729971866,0.8509148927165764,5.746898364985933e-05,35.06411751400227,7.668386077880859,14.908510728342359
2023-12-11,21.17,72.83,0.234022343611458,-0.2726089331628816,-0.009758841587578983,0.10072515291471472,0.00012716078679147545,,,,23.95626209906817,16.74103794697703,2.5163867153428288,0.0,31.506070960046408,7.215224152091139,0.00012716078679147545,0.765977656388542,6.358039339573772e-05,39.27213869140511,0.0,23.402234361145798
2023-12-11,25.61,85.14,0.22863039197547091,-0.24206784910871676,-0.05213220117422337,0.16538505272643697,5.196535950266589e-05,,,,17.232756766896443,11.149587878297552,1.7565879302548417,0.0,21.76052463253553,6.083168888598891,5.196535950266589e-05,0.7713696080245291,2.5982679751332946e-05,27.910753228983758,0.0,22.863039197547092
2023-12-13,28.61,77.2,0.2967077714941456,-0.28544609227707946,-0.12486903238749565,0.26305679194173676,0.00045674419773835784,,,,16.54232626571826,9.541560378927329,1.3947219584971149,0.0,20.020397767922066,7.00076588679093,0.00045674419773835784,0.7032922285058544,0.00022837209886917892,26.794825671046823,0.0,29.670777149414562
2023-12-13,19.07,72.87,0.29647044928430843,-0.32181767292353414,-0.03778871277116939,0.13227683580889618,0.00021461525091869495,,,,26.07982440777687,18.915703339837705,2.048261516316262,0.0,32.894545696796705,7.164121067939163,0.00021461525091869495,0.7035295507156916,0.00010730762545934748,44.48106524895163,0.0,29.647044928430844
2023-12-13,23.02,72.57,0.14908510728342358,-0.15103694575898563,-0.06712775437614292,0.13178046260437926,7.05159811500565e-05,,,,21.46234128948356,14.194296083836264,2.6765419855682526,0.0,28.40263584715991,7.268045205647297,7.05159811500565e-05,0.8509148927165764,3.525799057502825e-05,33.93757600500697,0.0,14.908510728342359
2023-12-13,17.38,78.48,0.21382663855083694,-0.2233176717873243,-0.01538028308571278,0.08456621638290489,6.597908030666528e-05,,,,21.408605056377155,13.134944828858238,2.018638766370985,0.0,26.700767154753898,8.273660227518917,6.597908030666528e-05,0.786173361449163,3.298954015333264e-05,34.643102466252884,0.0,21.382663855083695
2023-12-13,21.17,72.83,0.234022343611458,-0.2726089331628816,-0.009758841587578983,0.10072515291471472,0.00010860379065580369,,,,24.76150888407011,17.41792303601153,2.6744785323465146,0.0,31.506070960046408,7.343585848058581,0.00010860379065580369,0.765977656388542,5.4301895327901845e-05,40.5022677794179,0.0,23.402234361145798
2023-12-13,25.61,85.14,0.20399019832384827,-0.21303445514215358,-0.051964265186164954,0.1711105567455502,5.752814436416304e-05,,,,17.362553514091076,10.220378194474506,2.8384988983002084,0.0,21.76052463253553,7.14217531961657,5.752814436416304e-05,0.7960098016761518,2.876407218208152e-05,25.47702157177345,0.0,20.399019832384827
2023-12-13,9.93,76.26,0.054268365453531295,0.06645178246290293,-0.24065273366113044,0.39208519374237993,3.1386391664790526e-05,,,,27.25391772401099,23.84783691705445,0.04454003767476177,0.0,31.991883672511275,3.4060808069565383,3.1386391664790526e-05,0.9457316345464687,1.5693195832395263e-05,52.71571496919419,0.0,5.4268365453531295
2023-12-15,28.61,77.2,0.2967077714941456,-0.28544609227707946,-0.12486903238749565,0.26305679194173676,0.0003962020973298255,,,,15.208222953004906,8.471977556971126,1.4596801861207045,0.0,20.020397767922066,6.73624539603378,0.0003962020973298255,0.7032922285058544,0.00019810104866491276,24.128962835751512,0.0,29.670777149414562
2023-12-15,25.61,85.14,0.1932916306278198,-0.20995274580006218,-0.07014222583384185,0.19555996128010678,4.953540619254966e-05,,,,16.948560217391787,10.573284115280842,2.1227253647650977,0.0,21.76052463253553,6.375276102110945,4.953540619254966e-05,0.8067083693721802,2.476770309627483e-05,26.464031654197907,0.0,19.32916306278198
2023-12-17,23.02,72.57,0.22530800766276035,-0.2601993842451682,-0.010727354505232612,0.10419821114109117,6.251751918274447e-05,,,,20.681520748689707,10.368839661555967,2.757266790118897,0.0,28.325865382861586,10.31268108713374,6.251751918274447e-05,0.7746919923372396,3.1258759591372235e-05,30.692167373574748,0.0,22.530800766276034
2023-12-17,17.38,78.48,0.1998950402345641,-0.22115246923231088,0.007463996220772369,0.08077690430517685,9.776416320807286e-05,,,,22.540737622930976,13.501484677268536,2.3509644320153398,0.0,26.700767154753898,9.03925294566244,9.776416320807286e-05,0.8001049597654359,4.888208160403643e-05,35.859919909000055,0.0,19.98950402345641
2023-12-17,12.97,77.59,0.22128783253768677,-0.2201545328519105,-0.03191087638252241,0.14478667331216913,6.780638700449908e-05,,,,21.01609246757073,17.72194160810062,3.189365112036091,0.0,22.531117554959422,3.2941508594701077,6.780638700449908e-05,0.7787121674623132,3.390319350224954e-05,34.00637928133422,0.0,22.128783253768677
2023-12-17,21.17,72.83,0.17299743467837295,-0.17971921017860296,-0.11772455648764044,0.2129986094360095,7.126500556908682e-05,,,,24.33731376839887,14.102282760428238,4.006982071129832,0.0,31.506070960046408,10.235031007970633,7.126500556908682e-05,0.8270025653216271,3.563250278454341e-05,35.54314789055276,0.0,17.299743467837295
2023-12-17,9.93,76.26,0.014769857843406039,0.07035687087072716,-0.05862242995619276,0.16782749128221983,5.8269413976650825e-05,,,,25.979893321617,23.713904279821065,2.360351035464221,16.59341370099551,31.991883672511275,2.265989041795933,5.8269413976650825e-05,0.985230142156594,2.9134706988325413e-05,46.10609005140759,33.18682740199102,1.4769857843406038
2023-12-19,22.57,88.36,0.19881354199471354,-0.1976403336938974,-0.03835514987071799,0.15186071438016285,9.706365469696517e-05,,,,18.384453027042355,11.185882587197398,2.3412604417965612,0.0,27.43200809968236,7.198570439844957,9.706365469696517e-05,0.8011864580052864,4.8531827348482584e-05,28.48709995056911,0.0,19.881354199471353
2023-12-19,17.38,78.48,0.1998950402345641,-0.22115246923231088,0.007463996220772369,0.08077690430517685,0.00010752995095769129,,,,20.884655458134432,12.111853529849498,2.5990698734728857,0.0,26.700767154753898,8.772801928284935,0.00010752995095769129,0.8001049597654359,5.3764975478845644e-05,32.18477020518063,0.0,19.98950402345641
2023-12-19,12.97,77.59,0.22128783253768677,-0.2201545328519105,-0.03191087638252241,0.14478667331216913,6.97708852254497e-05,,,,20.959163804912293,14.89770007964205,3.1803292650253776,0.0,22.531117554959422,6.061463725270244,6.97708852254497e-05,0.7787121674623132,3.488544261272485e-05,32.52693721713871,0.0,22.128783253768677
2023-12-19,18.52,73.85,0.3516348384503204,-0.3468602959201672,-0.049612787630998786,0.1903998338964444,6.142874979642725e-05,,,,21.03932023492996,12.042689939134846,2.782648897312494,0.0,29.86115137121561,8.996630295795114,6.142874979642725e-05,0.6483651615496796,3.0714374898213626e-05,32.015027527337374,0.0,35.16348384503204
2023-12-19,30.73,76.77,0.3611932642414761,-0.34061911780687965,-0.128582011757026,0.2751755908884142,8.304741323826473e-05,,,,12.482021170555981,6.035114603589761,2.03094718352148,0.0,4.133400861941593,6.44690656696622,8.304741323826473e-05,0.6388067357585239,4.152370661913236e-05,17.678694690585893,0.0,36.11932642414761
2023-12-19,9.93,76.26,0.014769857843406039,0.07035687087072716,-0.05862242995619276,0.16782749128221983,4.9142661477632934e-05,,,,27.0386285520068,23.438679145364233,2.1652900660210026,0.0,31.991883672511275,3.5999494066425655,4.9142661477632934e-05,0.985230142156594,2.4571330738816467e-05,47.94670226865031,0.0,1.4769857843406038
2023-12-21,23.02,72.57,0.20401229564456402,-0.23210653172435536,0.003583375493987947,0.07479657377888724,0.00010815708403906579,,,,20.416136270864854,10.19458440659372,2.995716152742312,0.0,28.249094918564534,10.221551864271134,0.00010815708403906579,0.795987704355436,5.4078542019532894e-05,29.73006430410952,0.0,20.4012295644564
2023-12-21,9.93,76.26,0.03611000549435181,0.07304673696010042,-0.19848640030207884,0.35600942599808644,4.516380248366364e-05,,,,27.557998761943736,24.520605865179334,0.19276310042076136,0.0,31.991883672511275,3.037392896764402,4.516380248366364e-05,0.9638899945056482,2.258190124183182e-05,53.211774874663746,0.0,3.611000549435181
2023-12-23,28.61,77.2,0.45535483599315324,-0.4654490176222953,-0.0776016795443102,0.24303869042347281,0.0002978674396401339,,,,15.888246789164612,10.278600767415014,1.1169749903957824,0.0,19.23669468347517,5.609646021749597,0.0002978674396401339,0.5446451640068468,0.00014893371982006696,26.73772058666286,0.0,45.53548359931533
2023-12-23,22.57,88.36,0.19224315705422126,-0.20024494501739382,-0.012081109455769222,0.12370975839581835,7.099720047879003e-05,,,,21.22065746166095,16.33535394079894,1.5949920668587878,0.0,27.43200809968236,4.88530352086201,7.099720047879003e-05,0.8077568429457788,3.549860023939502e-05,36.80867902917332,0.0,19.224315705422125
2023-12-23,23.02,72.57,0.20401229564456402,-0.23210653172435536,0.003583375493987947,0.07479657377888724,9.141119419678215e-05,,,,21.68803182906953,12.049280504730234,2.3948128081187305,0.0,28.249094918564534,9.638751324339296,9.141119419678215e-05,0.795987704355436,4.570559709839107e-05,33.767062379731954,0.0,20.4012295644564
2023-12-23,18.52,73.85,0.3613505649284313,-0.37036602211694847,-0.015678643685734673,0.17441143243882865,6.893096979433378e-05,,,,21.70343335332177,9.199781870603488,1.7567261526678555,0.0,29.86115137121561,12.503651482718283,6.893096979433378e-05,0.6386494350715687,3.446548489716689e-05,33.64158865994869,0.0,36.135056492843134
2023-12-23,26.91,75.78,0.23280828204370338,-0.29255440328609145,0.03168412663756835,0.06837742749683567,7.70111104325148e-05,,,,15.942610444833917,8.927600490738484,1.996407387614395,0.0,24.534800789437845,7.015009954095433,7.70111104325148e-05,0.7671917179562966,3.85055552162574e-05,24.384901137391328,0.0,23.280828204370337
2023-12-23,30.73,76.77,0.3600496731908076,-0.34371916882404563,-0.10177629175369499,0.2604874624503124,0.00010134406778540923,,,,14.480335478827726,8.317829221560658,0.8194668621173585,0.0,4.133400861941593,6.162506257267069,0.00010134406778540923,0.6399503268091924,5.0672033892704614e-05,24.2404841047872,0.0,36.00496731908076
2023-12-25,28.61,77.2,0.45535483599315324,-0.4654490176222953,-0.0776016795443102,0.24303869042347281,0.0003309009460510879,,,,15.92012797700221,10.36311528287979,2.0784830654991615,0.0,19.23669468347517,5.55701269412242,0.0003309009460510879,0.5446451640068468,0.00016545047302554396,24.904783475944885,0.0,45.53548359931533
2023-12-25,22.57,88.36,0.19224315705422126,-0.20024494501739382,-0.012081109455769222,0.12370975839581835,8.151750385475992e-05,,,,20.559351763313202,15.30170395462602,1.4861105737221572,0.0,27.43200809968236,5.257647808687182,8.151750385475992e-05,0.8077568429457788,4.075875192737996e-05,35.5176584748385,0.0,19.224315705422125
2023-12-25,18.52,73.85,0.3613505649284313,-0.37036602211694847,-0.015678643685734673,0.17441143243882865,7.139576367123407e-05,,,,21.28654567997853,11.955445474088094,1.741313573398739,0.0,29.86115137121561,9.331100205890436,7.139576367123407e-05,0.6386494350715687,3.5697881835617034e-05,34.42491411021437,0.0,36.135056492843134
2023-12-25,26.91,75.78,0.23280828204370338,-0.29255440328609145,0.03168412663756835,0.06837742749683567,8.115617708871395e-05,,,,16.768279273324936,9.516977044835755,0.665711963359085,0.0,24.534800789437845,7.25130222848918,8.115617708871395e-05,0.7671917179562966,4.0578088544356976e-05,28.57948350568711,0.0,23.280828204370337
2023-12-25,30.73,76.77,0.3600496731908076,-0.34371916882404563,-0.10177629175369499,0.2604874624503124,9.149979398918809e-05,,,,13.401377664204574,8.430276389527194,1.3007645892585127,0.0,4.133400861941593,4.97110127467738,9.149979398918809e-05,0.6399503268091924,4.5749896994594045e-05,21.71567551255343,0.0,36.00496731908076
2023-12-27,19.07,72.87,0.2786701180909368,-0.3518908889454503,-0.063604002767413,0.18713175880898852,0.00021874401248833927,,,,26.502653698897518,19.02791172995512,2.768280750257615,0.0,33.475603184058905,7.474741968942396,0.00021874401248833927,0.7213298819090632,0.00010937200624416963,43.731374912808604,0.0,27.86701180909368
2023-12-27,23.02,72.57,0.15336060807131982,-0.1774650071963356,-0.007637808414425117,0.10355242779532803,0.0001308884987791359,,,,21.607176238631496,15.122027415898572,1.869815724536036,0.0,26.52918812335364,6.485148822732924,0.0001308884987791359,0.8466393919286802,6.544424938956795e-05,36.23214661682446,0.0,15.336060807131982
2023-12-27,21.17,72.83,0.1995590167357728,-0.24603379709963857,0.0005163563673664704,0.09806073105752508,0.00015639869973216878,,,,24.299057153186027,16.906741270629198,3.0080915211867683,0.0,30.874475132596814,7.392315882556829,0.00015639869973216878,0.8004409832642272,7.819934986608439e-05,38.885773322720105,0.0,19.95590167357728
2023-12-29,17.38,78.48,0.1469434493619729,-0.14436654642478694,-0.022327230832624546,0.09942563827841623,7.341824018664624e-05,,,,21.168848046441724,13.978677494402632,2.339629718117466,0.0,28.62287562593803,7.190170552039092,7.341824018664624e-05,0.8530565506380271,3.670912009332312e-05,34.06335138062897,0.0,14.69434493619729
2023-12-29,9.93,76.26,0.04549282030072213,0.06614937854745369,-0.1051944206908249,0.1961893105316338,3.889503334932704e-05,,,,28.077628894880775,23.608397831636353,1.6411012419032245,0.010856745382408044,32.68982406230659,4.469231063244422,3.889503334932704e-05,0.9545071796992779,1.944751667466352e-05,50.63843977433289,0.021713490764816087,4.549282030072213
2023-12-31,19.07,72.87,0.21517375258321994,-0.24266071613441206,-0.02164274313272346,0.11053566539555808,0.0001997611340476512,,,,25.723798095171787,20.06502414152999,2.287193586057621,0.0,33.475603184058905,5.6587739536417985,0.0001997611340476512,0.7848262474167801,9.98805670238256e-05,44.04382204140743,0.0,21.517375258321994
2023-12-31,23.02,72.57,0.19843038685350856,-0.2466775542558917,-0.0019966913144621847,0.09338985652491412,0.00010042858472276777,,,,21.085850956352715,14.511304079912122,1.6108639814216794,0.0,26.488276690080635,6.574546876440593,0.00010042858472276777,0.8015696131464914,5.0214292361383886e-05,35.66270051164177,0.0,19.843038685350855
2023-12-31,21.17,72.83,0.15903936201570495,-0.18880384472745887,-0.016119680264265163,0.10424797108672021,9.059669998753771e-05,,,,24.75499075403758,17.184381751294495,3.1176169399629607,0.0,30.874475132596814,7.570609002743083,9.059669998753771e-05,0.8409606379842951,4.5298349993768856e-05,39.489443126777694,0.0,15.903936201570495
